"layerId","layerName","displayFieldName","value","attributes__OBJECTID","attributes__HES Adı","attributes__Kurum","attributes__Aşaması(seç)","attributes__Akarsu Adı","attributes__SHAPE","geometryType","geometry__x","geometry__y","geometry__spatialReference__wkid","geometry__spatialReference__latestWkid"
"25","İşletme Durumuna Göre HES","HES_ADI","Köklüce HES","469","Köklüce HES","Kamu","isletmede","Yeşilırmak","Point","esriGeometryPoint","36.926646635493782","40.4936598887938","4326","4326"
"25","İşletme Durumuna Göre HES","HES_ADI","Köyobası","1419","Köyobası","Özel(Yap İşlet Devret)","SKHA","Yaralı Dere","Point","esriGeometryPoint","36.948283667357956","38.043740185753542","4326","4326"
"25","İşletme Durumuna Göre HES","HES_ADI","Hacınınoğlu","1459","Hacınınoğlu","Özel(Yap İşlet Devret)","Insa Halinde","Ceyhan N.","Point","esriGeometryPoint","36.970471195476435","37.830024664763265","4326","4326"
"25","İşletme Durumuna Göre HES","HES_ADI","Çakmak-2 ","155","Çakmak-2","Özel(Yap İşlet)","Fizibilite","Söğütlübuynu D.","Point","esriGeometryPoint","36.973048701928001","37.858686389573364","4326","4326"
"25","İşletme Durumuna Göre HES","HES_ADI","Köprübaşı HES","468","Köprübaşı HES","Özel(Yap İşlet)","Fizibilite","Cevizdere","Point","esriGeometryPoint","37.152767141117565","40.896354938119842","4326","4326"
"25","İşletme Durumuna Göre HES","HES_ADI","Kesme  ","1448","Kesme","Özel(Yap İşlet Devret)","Insa Halinde","Aksu Ç.","Point","esriGeometryPoint","37.189692872302786","37.462326243212623","4326","4326"
"25","İşletme Durumuna Göre HES","HES_ADI","Kavşak HES","423","Kavşak HES","Özel(Yap İşlet)","Fizibilite","Bolaman","Point","esriGeometryPoint","37.451178662995133","40.872702731613614","4326","4326"
"25","İşletme Durumuna Göre HES","HES_ADI","Çukurkaya HES","369","Çukurkaya HES","Özel(Yap İşlet Devret)","Fizibilite","Tohma Ç.","Point","esriGeometryPoint","37.490439229789331","38.564347871130174","4326","4326"
"25","İşletme Durumuna Göre HES","HES_ADI","Yazıköy","338","Yazıköy","Kamu","Null","Null","Point","esriGeometryPoint","37.612306008664056","38.564590433981692","4326","4326"
"25","İşletme Durumuna Göre HES","HES_ADI","Merkez HES","284","Merkez HES","Özel(Yap İşlet Devret)","Fizibilite","Tohma Ç.","Point","esriGeometryPoint","37.82470482347248","38.50733498488615","4326","4326"
"25","İşletme Durumuna Göre HES","HES_ADI","Sincan HES","143","Sincan HES","Özel(Yap İşlet)","SKHA","Null","Point","esriGeometryPoint","37.919999992181083","39.410721074402744","4326","4326"
"25","İşletme Durumuna Göre HES","HES_ADI","Ordu HES","425","Ordu HES","Özel(Yap İşlet)","Fizibilite","Melet","Point","esriGeometryPoint","37.933866478161427","40.906497635894276","4326","4326"
"25","İşletme Durumuna Göre HES","HES_ADI","Kaleköy","1426","Kaleköy","Özel(Yap İşlet Devret)","SKHA","Göksu N., Sofraz Ç.,Değirmen Ç.","Point","esriGeometryPoint","37.946555367040858","37.621923443351029","4326","4326"
"25","İşletme Durumuna Göre HES","HES_ADI","Pınar","1418","Pınar","Özel(Yap İşlet Devret)","Isletmede","Göksu N.","Point","esriGeometryPoint","37.948419121888229","37.766269483407235","4326","4326"
"25","İşletme Durumuna Göre HES","HES_ADI","Derinçay HES","1505","Derinçay HES","Kamu","ÖN BŞV.","Null","Point","esriGeometryPoint","37.982535288866927","40.772842996907798","4326","4326"
"25","İşletme Durumuna Göre HES","HES_ADI","Gürlavik","163","Gürlavik","Özel(Yap İşlet Devret)","SKHA","Göksu N.,Şepker Ç.,Gürlavik  D.","Point","esriGeometryPoint","38.02403643225113","37.851215803317238","4326","4326"
"25","İşletme Durumuna Göre HES","HES_ADI","Merek HES","843","Merek HES","Kamu","FZB","Null","Point","esriGeometryPoint","38.118195010765788","40.628008243507885","4326","4326"
"25","İşletme Durumuna Göre HES","HES_ADI","Gelen HES","851","Gelen HES","Kamu","ÖN BAŞVURU","Null","Point","esriGeometryPoint","38.132462817871762","40.748881905701225","4326","4326"
"25","İşletme Durumuna Göre HES","HES_ADI","Tokmadin HES","668","Tokmadin HES","Özel(Yap İşlet Devret)","FZB","Pazarsuyu","Point","esriGeometryPoint","38.153666394034261","40.703826122959981","4326","4326"
"25","İşletme Durumuna Göre HES","HES_ADI","Polat HES","148","Polat HES","Özel(Yap İşlet)","SKHA","Null","Point","esriGeometryPoint","38.192195405969017","40.052096140797204","4326","4326"
"25","İşletme Durumuna Göre HES","HES_ADI","Derme HES","342","Derme HES","Kamu","isletmede","Çat Barajı","Point","esriGeometryPoint","38.279308722006711","38.260384397851858","4326","4326"
"25","İşletme Durumuna Göre HES","HES_ADI","Koçali","1473","Koçali","Kamu","master plan, öninceleme","Kahta Ç.,Terasa Ç.","Point","esriGeometryPoint","38.328165339904444","37.810577414638828","4326","4326"
"25","İşletme Durumuna Göre HES","HES_ADI","Burçak HES","1615","Burçak HES","Kamu","FZB","Null","Point","esriGeometryPoint","38.378744349584636","40.211390175737748","4326","4326"
"25","İşletme Durumuna Göre HES","HES_ADI","Kilimli HES","275","Kilimli HES","Kamu","master plan, öninceleme","Karabudak","Point","esriGeometryPoint","38.436868165858087","39.547796015880458","4326","4326"
"25","İşletme Durumuna Göre HES","HES_ADI","Karaca HES","850","Karaca HES","Kamu","ÖN BAŞVURU","Null","Point","esriGeometryPoint","38.456750780286299","40.644330781222813","4326","4326"
"25","İşletme Durumuna Göre HES","HES_ADI","Çağlayan","1496","Çağlayan","Özel(Yap İşlet Devret)","Fizibilite","Birimşe Ç.","Point","esriGeometryPoint","38.526825766310104","38.04950574760143","4326","4326"
"25","İşletme Durumuna Göre HES","HES_ADI","Ortagöze HES","198","Ortagöze HES","Kamu","master plan, öninceleme","Binasor D.","Point","esriGeometryPoint","38.628455169161256","39.972059878061152","4326","4326"
"25","İşletme Durumuna Göre HES","HES_ADI","Çiftepınar HES","223","Çiftepınar HES","Kamu","master plan, öninceleme","Darboğaz","Point","esriGeometryPoint","38.655625773572147","39.41867183805094","4326","4326"
"25","İşletme Durumuna Göre HES","HES_ADI","Gökçeköy HES","291","Gökçeköy HES","Özel(Yap İşlet Devret)","SKHA","Rabat Ç.","Point","esriGeometryPoint","38.76518325354477","39.185804268443086","4326","4326"
"25","İşletme Durumuna Göre HES","HES_ADI","Tuğra--3 HES","1535","Tuğra--3 HES","Kamu","insa halinde","Karaovacık","Point","esriGeometryPoint","38.825605540635394","40.753641605952787","4326","4326"
"25","İşletme Durumuna Göre HES","HES_ADI","Tuğra-2 HES","1534","Tuğra-2 HES","Kamu","insa halinde","Karaovacık","Point","esriGeometryPoint","38.835498542529244","40.705009639619654","4326","4326"
"25","İşletme Durumuna Göre HES","HES_ADI","Çanakçı-2 HES","748","Çanakçı-2 HES","Kamu","FZB","Null","Point","esriGeometryPoint","39.007836713425412","40.935435958473171","4326","4326"
"25","İşletme Durumuna Göre HES","HES_ADI","Karlıtepe HES","785","Karlıtepe HES","Kamu","fzb","Null","Point","esriGeometryPoint","39.013553971004512","40.50299367173664","4326","4326"
"25","İşletme Durumuna Göre HES","HES_ADI","Kartaltaşı HES","294","Kartaltaşı HES","Özel(Yap İşlet Devret)","Ön rapor","Kaman Ç.","Point","esriGeometryPoint","39.105439747954414","38.199403233329541","4326","4326"
"25","İşletme Durumuna Göre HES","HES_ADI","Büyükdüz HES","1596","Büyükdüz HES","Kamu","FZB","Null","Point","esriGeometryPoint","39.105684074245161","40.621714790538732","4326","4326"
"25","İşletme Durumuna Göre HES","HES_ADI","Miraç","1424","Miraç","Özel(Yap İşlet Devret)","Fizibilite","Yenibardak Ç.","Point","esriGeometryPoint","39.162433173741512","38.182625424999941","4326","4326"
"25","İşletme Durumuna Göre HES","HES_ADI","Çanakçı HES","755","Çanakçı HES","Kamu","Başvuru","Null","Point","esriGeometryPoint","39.342242180555594","40.953252308663274","4326","4326"
"25","İşletme Durumuna Göre HES","HES_ADI","Yaylabaşı HES","751","Yaylabaşı HES","Kamu","FZB","Null","Point","esriGeometryPoint","39.507796423482624","40.792375363763583","4326","4326"
"25","İşletme Durumuna Göre HES","HES_ADI","Söğüt HES","800","Söğüt HES","Kamu","Ön Başvuru","Null","Point","esriGeometryPoint","39.534630097473794","40.973784764204652","4326","4326"
"25","İşletme Durumuna Göre HES","HES_ADI","Sedir HES","801","Sedir HES","Kamu","Ön Başvuru","Null","Point","esriGeometryPoint","39.594557341109123","41.01081569223274","4326","4326"
"25","İşletme Durumuna Göre HES","HES_ADI","Pülümür HES","372","Pülümür HES","Kamu","planlama","Pülümür Ç.","Point","esriGeometryPoint","39.611664684411537","39.107495966889893","4326","4326"
"25","İşletme Durumuna Göre HES","HES_ADI","Yeniköy HES","1603","Yeniköy HES","Kamu","Null","Null","Point","esriGeometryPoint","39.68746643378023","40.860301979597381","4326","4326"
"25","İşletme Durumuna Göre HES","HES_ADI","Cinali HES","685","Cinali HES","Kamu","SKHA","Null","Point","esriGeometryPoint","39.690652251871818","40.836656184498615","4326","4326"
"25","İşletme Durumuna Göre HES","HES_ADI","Üzümlü HES","254","Üzümlü HES","Kamu","planlama","Üzümlü","Point","esriGeometryPoint","39.711153137079449","39.714409858910827","4326","4326"
"25","İşletme Durumuna Göre HES","HES_ADI","Haskar HES","330","Haskar HES","Özel(Yap İşlet Devret)","Fizibilite","Sal D. Pülümür Ç.","Point","esriGeometryPoint","39.785634410809159","39.363908054871615","4326","4326"
"25","İşletme Durumuna Göre HES","HES_ADI","Berrak-I HES","1539","Berrak-I HES","Özel(Yap İşlet Devret)","Insa Halinde","Yanbolu","Point","esriGeometryPoint","39.806232502991946","40.65974605092687","4326","4326"
"25","İşletme Durumuna Göre HES","HES_ADI","Kuşluk HES","705","Kuşluk HES","Kamu","Başvuru","Null","Point","esriGeometryPoint","39.88731750352175","40.605685359088376","4326","4326"
"25","İşletme Durumuna Göre HES","HES_ADI","Araklı-I HES","1540","Araklı-I HES","Özel(Yap İşlet Devret)","Insa Halinde","Horten D.","Point","esriGeometryPoint","39.994371606405238","40.683052412895954","4326","4326"
"25","İşletme Durumuna Göre HES","HES_ADI","Kralkızı HES","977","Kralkızı HES","Kamu","isletmede","Dicle N.","Point","esriGeometryPoint","40.019892209711223","38.347363857254607","4326","4326"
"25","İşletme Durumuna Göre HES","HES_ADI","Çınar HES","795","Çınar HES","Kamu","Ön Başvuru","Null","Point","esriGeometryPoint","40.168663766012173","40.572779813763816","4326","4326"
"25","İşletme Durumuna Göre HES","HES_ADI","Atm-I HES","846","Atm-I HES","Kamu","SKHA","Null","Point","esriGeometryPoint","40.20815233628489","40.608794938167648","4326","4326"
"25","İşletme Durumuna Göre HES","HES_ADI","Ilıca HES","337","Ilıca HES","Özel(Yap İşlet Devret)","Fizibilite","Küçük Çay","Point","esriGeometryPoint","40.282944447118268","39.238119803322938","4326","4326"
"25","İşletme Durumuna Göre HES","HES_ADI","Gökçe HES","317","Gökçe HES","Özel(Yap İşlet Devret)","SKHA","Gayt Barajı Savaklarından","Point","esriGeometryPoint","40.335442161833789","38.956764198533158","4326","4326"
"25","İşletme Durumuna Göre HES","HES_ADI","Uzuntepe  ","159","Uzuntepe","Özel(Yap İşlet Devret)","Fizibilite","Nergile Ç.","Point","esriGeometryPoint","37.170247297090093","38.019588297827838","4326","4326"
"25","İşletme Durumuna Göre HES","HES_ADI","Kayacık HES","467","Kayacık HES","Özel(Yap İşlet)","Fizibilite","Cevizdere","Point","esriGeometryPoint","37.177850464358734","40.948606997795991","4326","4326"
"25","İşletme Durumuna Göre HES","HES_ADI","Teleme ","1428","Teleme","Özel(Yap İşlet Devret)","Fizibilite","Göksu N.","Point","esriGeometryPoint","37.31243355726054","37.880475453353768","4326","4326"
"25","İşletme Durumuna Göre HES","HES_ADI","Başköy HES","460","Başköy HES","Özel(Yap İşlet)","Fizibilite","Cevizdere","Point","esriGeometryPoint","37.320352818957801","41.078913635998653","4326","4326"
"25","İşletme Durumuna Göre HES","HES_ADI","Aksu","160","Aksu","Özel(Yap İşlet)","Fizibilite","Aksu Ç.","Point","esriGeometryPoint","37.429537288210895","37.714983041810449","4326","4326"
"25","İşletme Durumuna Göre HES","HES_ADI","Söğütlü   ","1452","Söğütlü","Özel(Yap İşlet)","Fizibilite","Söğütlübuynu D.","Point","esriGeometryPoint","37.526806365474471","38.255596572523672","4326","4326"
"25","İşletme Durumuna Göre HES","HES_ADI","Sofular HES","301","Sofular HES","Özel(Yap İşlet Devret)","SKHA","Tohma Ç.","Point","esriGeometryPoint","37.572852248094144","38.918190620525657","4326","4326"
"25","İşletme Durumuna Göre HES","HES_ADI","Kantarma","1441","Kantarma","Özel(Yap İşlet Devret)","Fizibilite","Söğütlü Ç.","Point","esriGeometryPoint","37.580640962918842","38.199485599519043","4326","4326"
"25","İşletme Durumuna Göre HES","HES_ADI","Boyalı HES","145","Boyalı HES","Özel(Yap İşlet)","SKHA","Null","Point","esriGeometryPoint","37.599345940640958","40.220498422064942","4326","4326"
"25","İşletme Durumuna Göre HES","HES_ADI","Koyulhisar HES","430","Koyulhisar HES","Özel(Yap İşlet)","SKHA","Kelkit","Point","esriGeometryPoint","37.68697472696217","40.310549853525245","4326","4326"
"25","İşletme Durumuna Göre HES","HES_ADI","Topçam HES","429","Topçam HES","Kamu","insa halinde","Melet","Point","esriGeometryPoint","37.794846828032505","40.655680692411508","4326","4326"
"25","İşletme Durumuna Göre HES","HES_ADI","Kuşkonmaz HES","364","Kuşkonmaz HES","Özel(Yap İşlet Devret)","Fizibilite","Tohma Ç.","Point","esriGeometryPoint","37.946430600301518","38.52942325502012","4326","4326"
"25","İşletme Durumuna Göre HES","HES_ADI","Mursal-1 HES","153","Mursal-1 HES","Özel(Yap İşlet)","SKHA","Nih Ç.","Point","esriGeometryPoint","37.986785170473738","39.23559334819879","4326","4326"
"25","İşletme Durumuna Göre HES","HES_ADI","Ahiköy I HES","1394","Ahiköy I HES","Kamu","isletmede","Nih Ç.","Point","esriGeometryPoint","38.061750851458555","39.314911933884062","4326","4326"
"25","İşletme Durumuna Göre HES","HES_ADI","Serpin HES","663","Serpin HES","Kamu","FZB","Null","Point","esriGeometryPoint","38.076101271745721","40.65394550728103","4326","4326"
"25","İşletme Durumuna Göre HES","HES_ADI","Kızılev HES","1560","Kızılev HES","Kamu","FZB","Null","Point","esriGeometryPoint","38.093034107948036","40.690699291792924","4326","4326"
"25","İşletme Durumuna Göre HES","HES_ADI","Ören HES","772","Ören HES","Kamu","SKHA","Null","Point","esriGeometryPoint","38.107312190608617","40.727709741325583","4326","4326"
"25","İşletme Durumuna Göre HES","HES_ADI","Tohma HES","340","Tohma HES","Özel(Yap İşlet Devret)","Isletmede","Tohma Ç.","Point","esriGeometryPoint","38.116387093639517","38.524747984897424","4326","4326"
"25","İşletme Durumuna Göre HES","HES_ADI","Akın HES","808","Akın HES","Kamu","Ön Başvuru","Null","Point","esriGeometryPoint","38.11955746436481","40.732395491122332","4326","4326"
"25","İşletme Durumuna Göre HES","HES_ADI","Kılıçkaya HES","869","Kılıçkaya HES","Kamu","isletmede","Null","Point","esriGeometryPoint","38.191133436148135","40.241399892497945","4326","4326"
"25","İşletme Durumuna Göre HES","HES_ADI","Kınık HES","295","Kınık HES","Özel(Yap İşlet Devret)","Fizibilite","Cevizli Ç.","Point","esriGeometryPoint","38.205055655701123","39.017196268295564","4326","4326"
"25","İşletme Durumuna Göre HES","HES_ADI","Paşalı HES","809","Paşalı HES","Kamu","Ön Başvuru","Null","Point","esriGeometryPoint","38.220739285147374","40.559705344464057","4326","4326"
"25","İşletme Durumuna Göre HES","HES_ADI","Yoncalı HES","336","Yoncalı HES","Özel(Yap İşlet Devret)","Fizibilite","Taş Köprü","Point","esriGeometryPoint","38.343749262960877","39.064244451791154","4326","4326"
"25","İşletme Durumuna Göre HES","HES_ADI","Yüce HES","1515","Yüce HES","Kamu","FZB","Null","Point","esriGeometryPoint","38.438282746775137","40.692679664335955","4326","4326"
"25","İşletme Durumuna Göre HES","HES_ADI","Barca HES","841","Barca HES","Kamu","Ön Başvuru","Null","Point","esriGeometryPoint","38.441626231162353","40.903244853988703","4326","4326"
"25","İşletme Durumuna Göre HES","HES_ADI","Küçük HES","186","Küçük HES","Kamu","planlama","Kuru D.","Point","esriGeometryPoint","38.462805444380265","39.651363591042255","4326","4326"
"25","İşletme Durumuna Göre HES","HES_ADI","Aydın HES","195","Aydın HES","Kamu","master plan, öninceleme","Karabudak D.","Point","esriGeometryPoint","38.468375082819435","39.766906118552861","4326","4326"
"25","İşletme Durumuna Göre HES","HES_ADI","Beypınar HES","1398","Beypınar HES","Özel(Yap İşlet)","Isletmede","S4 Sulama Kanalı","Point","esriGeometryPoint","38.498110581525147","40.088587703201043","4326","4326"
"25","İşletme Durumuna Göre HES","HES_ADI","Sümer HES","678","Sümer HES","Kamu","FZB","Null","Point","esriGeometryPoint","38.537892559349956","40.345017624801137","4326","4326"
"25","İşletme Durumuna Göre HES","HES_ADI","Mengel HES","309","Mengel HES","Özel(Yap İşlet Devret)","Fizibilite","Fındık Ç.","Point","esriGeometryPoint","38.585323434720934","38.143255994312973","4326","4326"
"25","İşletme Durumuna Göre HES","HES_ADI","Koçak HES","706","Koçak HES","Kamu","Başvuru","Null","Point","esriGeometryPoint","38.610054270789391","40.132617847263298","4326","4326"
"25","İşletme Durumuna Göre HES","HES_ADI","Moran HES","639","Moran HES","Kamu","FZB","Null","Point","esriGeometryPoint","38.737094107724829","40.363637585558322","4326","4326"
"25","İşletme Durumuna Göre HES","HES_ADI","Oba","1475","Oba","Özel(Yap İşlet Devret)","Fizibilite","Kahta Ç.,Büyükçay","Point","esriGeometryPoint","38.771481486954613","38.035135392775501","4326","4326"
"25","İşletme Durumuna Göre HES","HES_ADI","Ahallı HES","765","Ahallı HES","Kamu","Başvuru","Null","Point","esriGeometryPoint","38.795955005090264","40.79142621260835","4326","4326"
"25","İşletme Durumuna Göre HES","HES_ADI","Şanlıurfa HES","1101","Şanlıurfa HES","Kamu","isletmede","Ana İsale Kanalı","Point","esriGeometryPoint","38.848666855814201","37.161440093842693","4326","4326"
"25","İşletme Durumuna Göre HES","HES_ADI","Tirebolu HES","1577","Tirebolu HES","Kamu","planlama","Harşit","Point","esriGeometryPoint","38.848737639159545","40.9937711422685","4326","4326"
"25","İşletme Durumuna Göre HES","HES_ADI","Aslancık HES","1578","Aslancık HES","Kamu","FZB","Null","Point","esriGeometryPoint","38.852462404347769","40.877316027761182","4326","4326"
"25","İşletme Durumuna Göre HES","HES_ADI","A.Mah. HES","207","A.Mah. HES","Kamu","planlama","Kömür Ç.","Point","esriGeometryPoint","39.024825249040695","39.649880831135519","4326","4326"
"25","İşletme Durumuna Göre HES","HES_ADI","Melik HES","242","Melik HES","Kamu","master plan, öninceleme","Kömür","Point","esriGeometryPoint","39.0330431770929","39.621100189010733","4326","4326"
"25","İşletme Durumuna Göre HES","HES_ADI","Kemah Barajı HES","440","Kemah Barajı HES","Kamu","planlama","Fırat","Point","esriGeometryPoint","39.076086706550008","39.604473730018704","4326","4326"
"25","İşletme Durumuna Göre HES","HES_ADI","Telli HES","689","Telli HES","Kamu","İnşaat aşaması","Null","Point","esriGeometryPoint","39.082796174419144","40.854638799258289","4326","4326"
"25","İşletme Durumuna Göre HES","HES_ADI","Berat","164","Berat","Özel(Yap İşlet Devret)","Fizibilite","Yenibardak Ç.","Point","esriGeometryPoint","39.11347404439676","38.137719501504172","4326","4326"
"25","İşletme Durumuna Göre HES","HES_ADI","Kürtün HES","1584","Kürtün HES","Kamu","Null","Null","Point","esriGeometryPoint","39.140653145043565","40.672773012335227","4326","4326"
"25","İşletme Durumuna Göre HES","HES_ADI","Nata HES","666","Nata HES","Kamu","FZB","Null","Point","esriGeometryPoint","39.157506451431203","40.462681729739764","4326","4326"
"25","İşletme Durumuna Göre HES","HES_ADI","Cardaklı HES","936","Cardaklı HES","Özel(Yap İşlet)","On_Basvuru","Null","Point","esriGeometryPoint","39.190271420304214","38.307422954686515","4326","4326"
"25","İşletme Durumuna Göre HES","HES_ADI","İnköy HES","329","İnköy HES","Özel(Yap İşlet Devret)","Fizibilite","Hozat D.","Point","esriGeometryPoint","39.278404095468943","38.997421298683008","4326","4326"
"25","İşletme Durumuna Göre HES","HES_ADI","Varlık HES","1552","Varlık HES","Kamu","FZB","Null","Point","esriGeometryPoint","39.287142692611773","40.91962166704289","4326","4326"
"25","İşletme Durumuna Göre HES","HES_ADI","Çardaklı  HES","215","Çardaklı  HES","Kamu","master plan, öninceleme","Çardaklı","Point","esriGeometryPoint","39.297502475076485","39.85276421767378","4326","4326"
"25","İşletme Durumuna Göre HES","HES_ADI","Çanakçı HES","687","Çanakçı HES","Kamu","EIE","Null","Point","esriGeometryPoint","39.350130721499973","40.984532167667467","4326","4326"
"25","İşletme Durumuna Göre HES","HES_ADI","Saral V HES","796","Saral V HES","Kamu","Ön Başvuru","Null","Point","esriGeometryPoint","39.500202867876396","40.9560021131159","4326","4326"
"25","İşletme Durumuna Göre HES","HES_ADI","Dinar HES","286","Dinar HES","Özel(Yap İşlet Devret)","Lisans","Aksu N.","Point","esriGeometryPoint","39.505332499015616","39.049783877747025","4326","4326"
"25","İşletme Durumuna Göre HES","HES_ADI","Bozkaya HES","368","Bozkaya HES","Özel(Yap İşlet Devret)","Fizibilite","Munzur Suyu","Point","esriGeometryPoint","39.539562268218546","39.106962522378907","4326","4326"
"25","İşletme Durumuna Göre HES","HES_ADI","Cevher-2 HES","730","Cevher-2 HES","Kamu","FZB","Null","Point","esriGeometryPoint","39.587609160994468","40.671144137443463","4326","4326"
"25","İşletme Durumuna Göre HES","HES_ADI","Arısu HES","1538","Arısu HES","Özel(Yap İşlet Devret)","Insa Halinde","Maden D.","Point","esriGeometryPoint","39.590094876459275","40.732220827931044","4326","4326"
"25","İşletme Durumuna Göre HES","HES_ADI","Cevher-I HES","731","Cevher-I HES","Kamu","FZB","Null","Point","esriGeometryPoint","39.597114748776242","40.693225857676545","4326","4326"
"25","İşletme Durumuna Göre HES","HES_ADI","Cinali HES","757","Cinali HES","Kamu","Başvuru","Null","Point","esriGeometryPoint","39.681222700156709","40.813470656136118","4326","4326"
"25","İşletme Durumuna Göre HES","HES_ADI","Biga HES","828","Biga HES","Kamu","Ön Rapor","Null","Point","esriGeometryPoint","39.688182357252799","40.610745885211067","4326","4326"
"25","İşletme Durumuna Göre HES","HES_ADI","Girlevik-I","431","Girlevik-I","Kamu","isletmede","Akpınar D.","Point","esriGeometryPoint","39.724142591444995","39.58700278964767","4326","4326"
"25","İşletme Durumuna Göre HES","HES_ADI","Kaynarca HES","260","Kaynarca HES","Kamu","master plan, öninceleme","Fırat","Point","esriGeometryPoint","39.727269694718785","39.647089183787742","4326","4326"
"25","İşletme Durumuna Göre HES","HES_ADI","Yakut 1 HES","191","Yakut 1 HES","Kamu","master plan, öninceleme","Fırat N.","Point","esriGeometryPoint","39.751239569623053","39.61033447618108","4326","4326"
"25","İşletme Durumuna Göre HES","HES_ADI","Kuşluk HES","691","Kuşluk HES","Kamu","FZB","Null","Point","esriGeometryPoint","39.911373708573798","40.608584655955546","4326","4326"
"25","İşletme Durumuna Göre HES","HES_ADI","Kuşluk HES","1526","Kuşluk HES","Kamu","FZB","Null","Point","esriGeometryPoint","39.911373708573798","40.608584655955546","4326","4326"
"25","İşletme Durumuna Göre HES","HES_ADI","Pazarcık HES","836","Pazarcık HES","Kamu","FZB","Null","Point","esriGeometryPoint","39.965376271449252","40.592520099782021","4326","4326"
"25","İşletme Durumuna Göre HES","HES_ADI","Oylum-2 HES","1542","Oylum-2 HES","Kamu","FZB","Null","Point","esriGeometryPoint","40.063486498503842","40.750449813870453","4326","4326"
"25","İşletme Durumuna Göre HES","HES_ADI","Oylum -3 HES","852","Oylum -3 HES","Kamu","FZB","Null","Point","esriGeometryPoint","40.065909087410979","40.747781585446774","4326","4326"
"25","İşletme Durumuna Göre HES","HES_ADI","Manahoz HES","682","Manahoz HES","Kamu","FZB","Null","Point","esriGeometryPoint","40.102855504548153","40.856828051971057","4326","4326"
"25","İşletme Durumuna Göre HES","HES_ADI","Yukarı Manahoz HES","1508","Yukarı Manahoz HES","Kamu","isletmede","Manahoz D.","Point","esriGeometryPoint","40.117263817718126","40.725619158970702","4326","4326"
"25","İşletme Durumuna Göre HES","HES_ADI","Karasu -7 HES","178","Karasu -7 HES","Kamu","planlama","Karasu Ç.","Point","esriGeometryPoint","40.177431278630237","39.907588207503359","4326","4326"
"25","İşletme Durumuna Göre HES","HES_ADI","Karasu -6 HES","176","Karasu -6 HES","Kamu","planlama","Karasu Ç.","Point","esriGeometryPoint","40.210359612953937","39.918415703861577","4326","4326"
"25","İşletme Durumuna Göre HES","HES_ADI","Uzungöl-I  HES","718","Uzungöl-I  HES","Özel(Yap İşlet Devret)","Fizibilite","Haldezen Suyu","Point","esriGeometryPoint","40.274339912449726","40.659722811945272","4326","4326"
"25","İşletme Durumuna Göre HES","HES_ADI","Ballıca HES","875","Ballıca HES","Kamu","master plan, öninceleme","Null","Point","esriGeometryPoint","40.280055318933428","40.890082201346303","4326","4326"
"25","İşletme Durumuna Göre HES","HES_ADI","Üçharmanlar HES","1548","Üçharmanlar HES","Özel(Yap İşlet Devret)","Insa Halinde","Baltacı","Point","esriGeometryPoint","40.356631783938184","40.778228945625465","4326","4326"
"25","İşletme Durumuna Göre HES","HES_ADI","Üçhanlar (Kemerçayır) HES","729","Üçhanlar (Kemerçayır) HES","Kamu","SKHA","Null","Point","esriGeometryPoint","40.361073532408646","40.750783236718625","4326","4326"
"25","İşletme Durumuna Göre HES","HES_ADI","Kemerçayır HES","675","Kemerçayır HES","Kamu","FZB","Null","Point","esriGeometryPoint","40.3611200667264","40.751376755860321","4326","4326"
"25","İşletme Durumuna Göre HES","HES_ADI","Yaşıl","1499","Yaşıl","Özel(Yap İşlet Devret)","SKHA","Aksu Ç.","Point","esriGeometryPoint","37.14385247458754","37.341062509562043","4326","4326"
"25","İşletme Durumuna Göre HES","HES_ADI","Kurtuluş","1471","Kurtuluş","Özel(Yap İşlet Devret)","SKHA","Sacir Suyu","Point","esriGeometryPoint","37.451399753399436","37.027881875560617","4326","4326"
"25","İşletme Durumuna Göre HES","HES_ADI","Bolaman HES","424","Bolaman HES","Özel(Yap İşlet)","Fizibilite","Bolaman","Point","esriGeometryPoint","37.489317516033985","40.926590534274965","4326","4326"
"25","İşletme Durumuna Göre HES","HES_ADI","Kayalı HES","290","Kayalı HES","Özel(Yap İşlet Devret)","Fizibilite","Sürgü Ç. Tatlar Ç.","Point","esriGeometryPoint","37.678834002635746","37.969393838607644","4326","4326"
"25","İşletme Durumuna Göre HES","HES_ADI","Üçgen-2 HES","1504","Üçgen-2 HES","Özel(Yap İşlet)","Lisans","Null","Point","esriGeometryPoint","37.982434925612473","40.745640558104874","4326","4326"
"25","İşletme Durumuna Göre HES","HES_ADI","Doğankaya","157","Doğankaya","Özel(Yap İşlet Devret)","SKHA","Göksu N.","Point","esriGeometryPoint","38.028470804558353","37.733527381898988","4326","4326"
"25","İşletme Durumuna Göre HES","HES_ADI","Çatalçam HES","670","Çatalçam HES","Kamu","FZB","Null","Point","esriGeometryPoint","38.119771396546874","40.670916757824365","4326","4326"
"25","İşletme Durumuna Göre HES","HES_ADI","Kovanlık HES","735","Kovanlık HES","Kamu","Null","Null","Point","esriGeometryPoint","38.15437942344608","40.821164735408317","4326","4326"
"25","İşletme Durumuna Göre HES","HES_ADI","İmranlı HES","1402","İmranlı HES","Kamu","planlama","Kızılırmak","Point","esriGeometryPoint","38.172635372515359","39.881397696178119","4326","4326"
"25","İşletme Durumuna Göre HES","HES_ADI","Arpacık HES","669","Arpacık HES","Kamu","FZB","Null","Point","esriGeometryPoint","38.194808347254188","40.703219585807339","4326","4326"
"25","İşletme Durumuna Göre HES","HES_ADI","Ayranlı HES","235","Ayranlı HES","Kamu","master plan, öninceleme","Karabudak","Point","esriGeometryPoint","38.32259006797193","39.57376772370484","4326","4326"
"25","İşletme Durumuna Göre HES","HES_ADI","Ağıl HES","184","Ağıl HES","Kamu","master plan, öninceleme","Karabudak D.","Point","esriGeometryPoint","38.335815724770761","39.574503535553575","4326","4326"
"25","İşletme Durumuna Göre HES","HES_ADI","Ozanlı HES","739","Ozanlı HES","Kamu","Null","Null","Point","esriGeometryPoint","38.405144353005994","40.234302909282988","4326","4326"
"25","İşletme Durumuna Göre HES","HES_ADI","Angutlu-I-2 HES","1557","Angutlu-I-2 HES","Kamu","FZB","Null","Point","esriGeometryPoint","38.463436901803838","40.786533139513629","4326","4326"
"25","İşletme Durumuna Göre HES","HES_ADI","Burak Ömer HES","287","Burak Ömer HES","Özel(Yap İşlet Devret)","Fizibilite","Koçaçimen D.","Point","esriGeometryPoint","38.498980707959376","39.272475557427413","4326","4326"
"25","İşletme Durumuna Göre HES","HES_ADI","Konak HES","1397","Konak HES","Özel(Yap İşlet)","Isletmede","S1 Sulama Kanalı","Point","esriGeometryPoint","38.548744892629827","40.071079158966789","4326","4326"
"25","İşletme Durumuna Göre HES","HES_ADI","Büyük HES","1559","Büyük HES","Kamu","FZB","Null","Point","esriGeometryPoint","38.550903187968096","40.822039683706826","4326","4326"
"25","İşletme Durumuna Göre HES","HES_ADI","Aksu HES","1568","Aksu HES","Özel(Yap İşlet Devret)","Fizibilite","Ekindere","Point","esriGeometryPoint","38.559347857823063","40.575731511227353","4326","4326"
"25","İşletme Durumuna Göre HES","HES_ADI","Akköy HES","1532","Akköy HES","Kamu","FZB","Null","Point","esriGeometryPoint","38.63363078984235","40.842529386853577","4326","4326"
"25","İşletme Durumuna Göre HES","HES_ADI","Kıran HES","661","Kıran HES","Kamu","FZB","Null","Point","esriGeometryPoint","38.642943854078489","40.911285483966559","4326","4326"
"25","İşletme Durumuna Göre HES","HES_ADI","Değirmen2 HES","838","Değirmen2 HES","Kamu","FZB","Null","Point","esriGeometryPoint","38.656215989400174","40.137643901806115","4326","4326"
"25","İşletme Durumuna Göre HES","HES_ADI","Armağan HES","289","Armağan HES","Özel(Yap İşlet Devret)","Fizibilite","Rabat Ç.","Point","esriGeometryPoint","38.759889064833885","39.211217784356769","4326","4326"
"25","İşletme Durumuna Göre HES","HES_ADI","Oba HES","285","Oba HES","Özel(Yap İşlet Devret)","Fizibilite","Kahta Ç.","Point","esriGeometryPoint","38.772962305157179","38.037736706245269","4326","4326"
"25","İşletme Durumuna Göre HES","HES_ADI","Kaynar-1 HES","150","Kaynar-1 HES","Özel(Yap İşlet)","SKHA","Seme D.","Point","esriGeometryPoint","38.781797769296574","40.087494854188137","4326","4326"
"25","İşletme Durumuna Göre HES","HES_ADI","Ahallı HES","764","Ahallı HES","Kamu","Başvuru","Null","Point","esriGeometryPoint","38.838500339338978","40.801130642554909","4326","4326"
"25","İşletme Durumuna Göre HES","HES_ADI","Doğankent HES","1580","Doğankent HES","Kamu","Null","Null","Point","esriGeometryPoint","38.912575159461419","40.796131650236653","4326","4326"
"25","İşletme Durumuna Göre HES","HES_ADI","Alaş I-2 HES","788","Alaş I-2 HES","Kamu","Ön Başvuru","Null","Point","esriGeometryPoint","38.913263074587249","40.8193558046327","4326","4326"
"25","İşletme Durumuna Göre HES","HES_ADI","Acısu HES","653","Acısu HES","Özel(Yap İşlet Devret)","Fizibilite","Sümüklü D.","Point","esriGeometryPoint","38.974663915414098","40.507080959237285","4326","4326"
"25","İşletme Durumuna Göre HES","HES_ADI","Teli HES","774","Teli HES","Kamu","İnşaat aşaması","Null","Point","esriGeometryPoint","39.082796174419144","40.854638799258289","4326","4326"
"25","İşletme Durumuna Göre HES","HES_ADI","Gecür HES","771","Gecür HES","Kamu","FZB","Null","Point","esriGeometryPoint","39.091154250075974","40.841426151017416","4326","4326"
"25","İşletme Durumuna Göre HES","HES_ADI","Kahraman HES","805","Kahraman HES","Kamu","FZB","Null","Point","esriGeometryPoint","39.09170820043218","40.838638514110635","4326","4326"
"25","İşletme Durumuna Göre HES","HES_ADI","Kuzey-I HES","1517","Kuzey-I HES","Kamu","FZB","Null","Point","esriGeometryPoint","39.175121207427864","40.387373526510025","4326","4326"
"25","İşletme Durumuna Göre HES","HES_ADI","Akyayık HES","350","Akyayık HES","Özel(Yap İşlet Devret)","Fizibilite","Mercan D.","Point","esriGeometryPoint","39.288613385105094","39.381127338234919","4326","4326"
"25","İşletme Durumuna Göre HES","HES_ADI","Kayalık HES","641","Kayalık HES","Kamu","FZB","Null","Point","esriGeometryPoint","39.343012701364849","41.002639751968779","4326","4326"
"25","İşletme Durumuna Göre HES","HES_ADI","Düzköy HES","655","Düzköy HES","Kamu","FZB","Null","Point","esriGeometryPoint","39.412964328765938","40.871369520360027","4326","4326"
"25","İşletme Durumuna Göre HES","HES_ADI","Sakaltutan Regulatoru Ve HES","935","Sakaltutan Regulatoru Ve HES","Özel(Yap İşlet)","On_Basvuru","Null","Point","esriGeometryPoint","39.451207062486525","38.174669344924062","4326","4326"
"25","İşletme Durumuna Göre HES","HES_ADI","Visera HES","1600","Visera HES","Kamu","FZB","Null","Point","esriGeometryPoint","39.46033527618885","40.890366723482487","4326","4326"
"25","İşletme Durumuna Göre HES","HES_ADI","Turnagöl I HES","798","Turnagöl I HES","Kamu","Ön Başvuru","Null","Point","esriGeometryPoint","39.536461778977859","40.676168315349763","4326","4326"
"25","İşletme Durumuna Göre HES","HES_ADI","Sukenarı HES","832","Sukenarı HES","Kamu","FZB","Null","Point","esriGeometryPoint","39.576443458939735","40.786666869818198","4326","4326"
"25","İşletme Durumuna Göre HES","HES_ADI","Saman HES","1601","Saman HES","Kamu","FZB","Null","Point","esriGeometryPoint","39.578820890147178","40.791271176784761","4326","4326"
"25","İşletme Durumuna Göre HES","HES_ADI","Hakis HES","334","Hakis HES","Özel(Yap İşlet Devret)","SKHA","Hakis Ç.","Point","esriGeometryPoint","39.784722731578348","39.224406871928949","4326","4326"
"25","İşletme Durumuna Göre HES","HES_ADI","İftelan HES","806","İftelan HES","Kamu","FZB","Null","Point","esriGeometryPoint","39.857360991464574","40.753424043408089","4326","4326"
"25","İşletme Durumuna Göre HES","HES_ADI","Palu HES","357","Palu HES","Kamu","master plan, öninceleme","Null","Point","esriGeometryPoint","39.913689437951795","38.680854630784708","4326","4326"
"25","İşletme Durumuna Göre HES","HES_ADI","Poyraz I-2 Regülatörü Ve HES","257","Poyraz I-2 Regülatörü Ve HES","Kamu","planlama","Fırat","Point","esriGeometryPoint","40.155296974782928","39.576958895613437","4326","4326"
"25","İşletme Durumuna Göre HES","HES_ADI","Dibni Barajı Ve HES","942","Dibni Barajı Ve HES","Özel(Yap İşlet)","Fizibilite","Null","Point","esriGeometryPoint","40.197140443607957","38.423699906839566","4326","4326"
"25","İşletme Durumuna Göre HES","HES_ADI","Dibni HES","976","Dibni HES","Kamu","master plan, öninceleme","Dicle N.","Point","esriGeometryPoint","40.203392524783816","38.446018818701631","4326","4326"
"25","İşletme Durumuna Göre HES","HES_ADI","Dicle Sahaban HES","937","Dicle Sahaban HES","Özel(Yap İşlet)","On_Basvuru","Null","Point","esriGeometryPoint","40.21928076833705","38.109639455987576","4326","4326"
"25","İşletme Durumuna Göre HES","HES_ADI","Derebaşı HES","732","Derebaşı HES","Kamu","FZB","Null","Point","esriGeometryPoint","40.23133781991357","40.570828465702789","4326","4326"
"25","İşletme Durumuna Göre HES","HES_ADI","Çayırdüzü HES","214","Çayırdüzü HES","Kamu","planlama","Kırdım Ç.","Point","esriGeometryPoint","40.233409501920313","39.647119163831981","4326","4326"
"25","İşletme Durumuna Göre HES","HES_ADI","Dicle I HES","373","Dicle I HES","Özel(Yap İşlet)","Fizibilite","Null","Point","esriGeometryPoint","40.239751306982122","38.000007569471677","4326","4326"
"25","İşletme Durumuna Göre HES","HES_ADI","Karasu -5 HES","177","Karasu -5 HES","Kamu","planlama","Karasu Ç.","Point","esriGeometryPoint","40.32581423267191","39.932699965198296","4326","4326"
"25","İşletme Durumuna Göre HES","HES_ADI","Pulur HES","353","Pulur HES","Özel(Yap İşlet Devret)","Fizibilite","Gökçeli Çay","Point","esriGeometryPoint","40.369849684162311","39.228263066030188","4326","4326"
"25","İşletme Durumuna Göre HES","HES_ADI","Niksar HES","420","Niksar HES","Özel(Yap İşlet)","SKHA","Kelkit","Point","esriGeometryPoint","36.990504520854458","40.484664643994783","4326","4326"
"25","İşletme Durumuna Göre HES","HES_ADI","Çakmak-1","154","Çakmak-1","Özel(Yap İşlet)","Fizibilite","Söğütlübuynu D.","Point","esriGeometryPoint","36.992598573530515","37.857287507689371","4326","4326"
"25","İşletme Durumuna Göre HES","HES_ADI","Dağdelen ","1457","Dağdelen","Özel(Yap İşlet Devret)","SKHA","Ceyhan N.","Point","esriGeometryPoint","37.007559061584999","38.111826292401972","4326","4326"
"25","İşletme Durumuna Göre HES","HES_ADI","Karapur","1467","Karapur","Özel(Yap İşlet Devret)","EPDK","Göksu N.","Point","esriGeometryPoint","37.468292206645863","37.811487977095112","4326","4326"
"25","İşletme Durumuna Göre HES","HES_ADI","Çatalkaya","1416","Çatalkaya","Özel(Yap İşlet)","EPDK","Göksu Ç.","Point","esriGeometryPoint","37.474746185780994","37.860431870595335","4326","4326"
"25","İşletme Durumuna Göre HES","HES_ADI","Kaynarca HES","366","Kaynarca HES","Özel(Yap İşlet Devret)","Fizibilite","Ayvalı Tohma Ç.","Point","esriGeometryPoint","37.634450621583255","38.60435179325367","4326","4326"
"25","İşletme Durumuna Göre HES","HES_ADI","Yeşil HES","149","Yeşil HES","Özel(Yap İşlet)","SKHA","Yeşilırmak","Point","esriGeometryPoint","37.658251687406889","40.182333556402213","4326","4326"
"25","İşletme Durumuna Göre HES","HES_ADI","Değirmen","1493","Değirmen","Özel(Yap İşlet Devret)","Fizibilite","Göksu N.","Point","esriGeometryPoint","37.760044934359549","37.861889960875743","4326","4326"
"25","İşletme Durumuna Göre HES","HES_ADI","Çorak HES","1404","Çorak HES","Kamu","planlama","Kızılırmak","Point","esriGeometryPoint","37.817260397066654","39.916150837585988","4326","4326"
"25","İşletme Durumuna Göre HES","HES_ADI","Üçgen-2 HES","638","Üçgen-2 HES","Kamu","FZB","Null","Point","esriGeometryPoint","37.971342702891107","40.736679982957803","4326","4326"
"25","İşletme Durumuna Göre HES","HES_ADI","Işık HES","1502","Işık HES","Özel(Yap İşlet Devret)","Fizibilite","Göksu Ç.","Point","esriGeometryPoint","38.065354217986929","37.814185486804114","4326","4326"
"25","İşletme Durumuna Göre HES","HES_ADI","Murat (1)","1477","Murat (1)","Özel(Yap İşlet Devret)","SKHA","Göksu N.","Point","esriGeometryPoint","38.095488761382626","37.614306868355946","4326","4326"
"25","İşletme Durumuna Göre HES","HES_ADI","Çalıkobası HES","781","Çalıkobası HES","Kamu","Ön Başvuru","Null","Point","esriGeometryPoint","38.120556759177745","40.670740524564067","4326","4326"
"25","İşletme Durumuna Göre HES","HES_ADI","Burç","1468","Burç","Özel(Yap İşlet Devret)","Insa Halinde","Göksu N.","Point","esriGeometryPoint","38.171519214648605","37.463530358094573","4326","4326"
"25","İşletme Durumuna Göre HES","HES_ADI","Kılıçkaya HES","1400","Kılıçkaya HES","Kamu","isletmede","Kelkit Ç.","Point","esriGeometryPoint","38.185302053537441","40.244723540436347","4326","4326"
"25","İşletme Durumuna Göre HES","HES_ADI","Kılıçkaya HES","1528","Kılıçkaya HES","Kamu","Null","Null","Point","esriGeometryPoint","38.187726841938748","40.258091421755871","4326","4326"
"25","İşletme Durumuna Göre HES","HES_ADI","Koruköy","1500","Koruköy","Özel(Yap İşlet)","SKHA","Bulam Ç. (İçme Suyu İsale Hattı)","Point","esriGeometryPoint","38.264783059690515","37.816674729957768","4326","4326"
"25","İşletme Durumuna Göre HES","HES_ADI","Darbogaz HES","185","Darbogaz HES","Kamu","master plan, öninceleme","Darboğaz D.","Point","esriGeometryPoint","38.33780798764743","39.56910753920404","4326","4326"
"25","İşletme Durumuna Göre HES","HES_ADI","Altıntepe HES","1399","Altıntepe HES","Özel(Yap İşlet)","Isletmede","S5 Sulama Kanalı","Point","esriGeometryPoint","38.395630255919919","40.099002077059865","4326","4326"
"25","İşletme Durumuna Göre HES","HES_ADI","Bağıştaş-2 HES","204","Bağıştaş-2 HES","Kamu","planlama","Fırat","Point","esriGeometryPoint","38.410079264226731","39.428039827060644","4326","4326"
"25","İşletme Durumuna Göre HES","HES_ADI","Angutlu HES","1558","Angutlu HES","Kamu","FZB","Null","Point","esriGeometryPoint","38.441730118055595","40.760305573538318","4326","4326"
"25","İşletme Durumuna Göre HES","HES_ADI","Karadağ HES","196","Karadağ HES","Kamu","master plan, öninceleme","Karabudak D.","Point","esriGeometryPoint","38.471524882284193","39.818035725149983","4326","4326"
"25","İşletme Durumuna Göre HES","HES_ADI","Kandil","1474","Kandil","Özel(Yap İşlet Devret)","Fizibilite","Birimşe Ç.,Gölgeli Ç.","Point","esriGeometryPoint","38.557419053976822","37.95070109537334","4326","4326"
"25","İşletme Durumuna Göre HES","HES_ADI","Koru HES","312","Koru HES","Özel(Yap İşlet Devret)","Fizibilite","Koru Ç.","Point","esriGeometryPoint","38.567039533485996","39.034463721529512","4326","4326"
"25","İşletme Durumuna Göre HES","HES_ADI","Kırım HES","315","Kırım HES","Özel(Yap İşlet Devret)","Fizibilite","Gelipolan D.  Geliseyyan D.","Point","esriGeometryPoint","38.589431750139326","38.153949971669689","4326","4326"
"25","İşletme Durumuna Göre HES","HES_ADI","Kalen-I-2 HES","707","Kalen-I-2 HES","Kamu","isletmede","Çakrak D.","Point","esriGeometryPoint","38.595354837144043","40.62942043390052","4326","4326"
"25","İşletme Durumuna Göre HES","HES_ADI","Yağlıdere HES","878","Yağlıdere HES","Kamu","master plan, öninceleme","Null","Point","esriGeometryPoint","38.628455978842823","40.85858933175242","4326","4326"
"25","İşletme Durumuna Göre HES","HES_ADI","Karakuş ","1411","Karakuş","Özel(Yap İşlet Devret)","Fizibilite","Kahta Ç.","Point","esriGeometryPoint","38.633148843020827","37.840407458899705","4326","4326"
"25","İşletme Durumuna Göre HES","HES_ADI","Koçlu HES","1567","Koçlu HES","Kamu","FZB","Null","Point","esriGeometryPoint","38.652957011722627","40.794593020047778","4326","4326"
"25","İşletme Durumuna Göre HES","HES_ADI","Çamköy HES","768","Çamköy HES","Kamu","FZB","Null","Point","esriGeometryPoint","38.698118629006807","40.849769310372984","4326","4326"
"25","İşletme Durumuna Göre HES","HES_ADI","Altköy HES","197","Altköy HES","Kamu","master plan, öninceleme","Köroğlu D.","Point","esriGeometryPoint","38.701548984592705","39.955660496413131","4326","4326"
"25","İşletme Durumuna Göre HES","HES_ADI","Gem HES","201","Gem HES","Kamu","master plan, öninceleme","Kızıliniş D.","Point","esriGeometryPoint","38.73145133570911","40.02000690900848","4326","4326"
"25","İşletme Durumuna Göre HES","HES_ADI","Avluca HES","1576","Avluca HES","Kamu","FZB","Null","Point","esriGeometryPoint","38.747323140780551","40.75608113975062","4326","4326"
"25","İşletme Durumuna Göre HES","HES_ADI","Keban HES","345","Keban HES","Kamu","isletmede","Fırat N.","Point","esriGeometryPoint","38.75444321410211","38.809485426116204","4326","4326"
"25","İşletme Durumuna Göre HES","HES_ADI","Çay HES","767","Çay HES","Kamu","Başvuru","Null","Point","esriGeometryPoint","38.784849922775962","40.891539902822721","4326","4326"
"25","İşletme Durumuna Göre HES","HES_ADI","Büyükçay","1492","Büyükçay","Kamu","master plan, öninceleme","Büyükçay","Point","esriGeometryPoint","38.809179807678532","37.921756971379899","4326","4326"
"25","İşletme Durumuna Göre HES","HES_ADI","Kaynar -2 HES","151","Kaynar -2 HES","Özel(Yap İşlet)","SKHA","Seme D.","Point","esriGeometryPoint","38.815473448783322","40.1232332785385","4326","4326"
"25","İşletme Durumuna Göre HES","HES_ADI","Armutlu HES","200","Armutlu HES","Kamu","master plan, öninceleme","Kızıleniş D.","Point","esriGeometryPoint","38.844678544872409","39.992487992155141","4326","4326"
"25","İşletme Durumuna Göre HES","HES_ADI","Göcen HES","871","Göcen HES","Kamu","master plan, öninceleme","Null","Point","esriGeometryPoint","38.916269271145104","40.814367527152022","4326","4326"
"25","İşletme Durumuna Göre HES","HES_ADI","Karlıtepe  HES","786","Karlıtepe  HES","Kamu","fzb","Null","Point","esriGeometryPoint","39.003052222983563","40.492179188074687","4326","4326"
"25","İşletme Durumuna Göre HES","HES_ADI","Güzeloluk HES","830","Güzeloluk HES","Özel(Yap İşlet Devret)","FZB","Güzeloluk D.","Point","esriGeometryPoint","39.09609060467173","40.493501501196178","4326","4326"
"25","İşletme Durumuna Göre HES","HES_ADI","Koyunhamza HES","769","Koyunhamza HES","Kamu","FZB","Null","Point","esriGeometryPoint","39.106994911337146","40.962385546859139","4326","4326"
"25","İşletme Durumuna Göre HES","HES_ADI","Telli-I HES","754","Telli-I HES","Kamu","FZB","Null","Point","esriGeometryPoint","39.114226915901412","40.84902674154489","4326","4326"
"25","İşletme Durumuna Göre HES","HES_ADI","Nata -2 HES","819","Nata -2 HES","Özel(Yap İşlet Devret)","Fizibilite","Harşit Ç.","Point","esriGeometryPoint","39.156079598545219","40.460483973379219","4326","4326"
"25","İşletme Durumuna Göre HES","HES_ADI","Ortataş Regülatörü Ve HES","139","Ortataş Regülatörü Ve HES","Özel(Yap İşlet)","Ön İnceleme","Null","Point","esriGeometryPoint","39.263577243832671","38.16022925548021","4326","4326"
"25","İşletme Durumuna Göre HES","HES_ADI","Ortaköy HES","1554","Ortaköy HES","Kamu","FZB","Null","Point","esriGeometryPoint","39.289729352967406","40.968034604217337","4326","4326"
"25","İşletme Durumuna Göre HES","HES_ADI","Çamlı HES","654","Çamlı HES","Kamu","planlama","Fol D.","Point","esriGeometryPoint","39.294139381990313","40.890552196406041","4326","4326"
"25","İşletme Durumuna Göre HES","HES_ADI","Akça HES","640","Akça HES","Kamu","FZB","Null","Point","esriGeometryPoint","39.31651613502418","41.03946705897124","4326","4326"
"25","İşletme Durumuna Göre HES","HES_ADI","Konaktepe-2 HES","348","Konaktepe-2 HES","Kamu","insa halinde","Munzur Suyu","Point","esriGeometryPoint","39.481096152724419","39.235806274003664","4326","4326"
"25","İşletme Durumuna Göre HES","HES_ADI","Uzunçayır HES","346","Uzunçayır HES","Kamu","insa halinde","Munzur Suyu","Point","esriGeometryPoint","39.538579814112644","38.979976160348023","4326","4326"
"25","İşletme Durumuna Göre HES","HES_ADI","Kelkit HES","722","Kelkit HES","Kamu","Null","Null","Point","esriGeometryPoint","39.556706140054679","40.132786079323907","4326","4326"
"25","İşletme Durumuna Göre HES","HES_ADI","Yıldızlı HES","674","Yıldızlı HES","Kamu","FZB","Null","Point","esriGeometryPoint","39.623607218713154","40.991033955456324","4326","4326"
"25","İşletme Durumuna Göre HES","HES_ADI","Yüzüncüyıl HES","787","Yüzüncüyıl HES","Kamu","fzb","Null","Point","esriGeometryPoint","39.681013028821354","40.808865405504591","4326","4326"
"25","İşletme Durumuna Göre HES","HES_ADI","Amastal-I HES","643","Amastal-I HES","Kamu","FZB","Null","Point","esriGeometryPoint","39.702503704536149","40.720220669355342","4326","4326"
"25","İşletme Durumuna Göre HES","HES_ADI","Aksu-2 HES","637","Aksu-2 HES","Kamu","FZB","Null","Point","esriGeometryPoint","39.702664797950469","39.859877312178561","4326","4326"
"25","İşletme Durumuna Göre HES","HES_ADI","Amastal-I HES","1614","Amastal-I HES","Kamu","FZB","Null","Point","esriGeometryPoint","39.709405944450005","40.697054755399911","4326","4326"
"25","İşletme Durumuna Göre HES","HES_ADI","Tatar HES","356","Tatar HES","Özel(Yap İşlet Devret)","Fizibilite","Peri Suyu","Point","esriGeometryPoint","39.824196698708711","38.875688960241433","4326","4326"
"25","İşletme Durumuna Göre HES","HES_ADI","Soğanlı I HES","220","Soğanlı I HES","Kamu","master plan, öninceleme","Soğanlı D.","Point","esriGeometryPoint","39.830485084654569","39.822417687504029","4326","4326"
"25","İşletme Durumuna Göre HES","HES_ADI","Özdil HES","793","Özdil HES","Kamu","Ön Başvuru","Null","Point","esriGeometryPoint","39.865065967201438","40.873764629598867","4326","4326"
"25","İşletme Durumuna Göre HES","HES_ADI","Pembelik HES","355","Pembelik HES","Özel(Yap İşlet Devret)","Fizibilite","Peri Suyu","Point","esriGeometryPoint","39.893051321770862","39.081729090018619","4326","4326"
"25","İşletme Durumuna Göre HES","HES_ADI","Küçüksu Regülatörü Ve HES","943","Küçüksu Regülatörü Ve HES","Özel(Yap İşlet)","Ön İnceleme","Null","Point","esriGeometryPoint","39.921355804056539","38.434175483867776","4326","4326"
"25","İşletme Durumuna Göre HES","HES_ADI","Selimoğlu HES","1506","Selimoğlu HES","Kamu","insa halinde","Yanbolu D.","Point","esriGeometryPoint","39.942664584927954","40.8553208416226","4326","4326"
"25","İşletme Durumuna Göre HES","HES_ADI","Ayvadere HES","803","Ayvadere HES","Kamu","FZB","Null","Point","esriGeometryPoint","40.021472342446479","40.868837760495808","4326","4326"
"25","İşletme Durumuna Göre HES","HES_ADI","Yağmur HES","1545","Yağmur HES","Kamu","FZB","Null","Point","esriGeometryPoint","40.121563905349937","40.823039660529432","4326","4326"
"25","İşletme Durumuna Göre HES","HES_ADI","Yukarı Manahoz HES","775","Yukarı Manahoz HES","Kamu","SKHA","Null","Point","esriGeometryPoint","40.123630406582095","40.75213195653636","4326","4326"
"25","İşletme Durumuna Göre HES","HES_ADI","Meşe HES","789","Meşe HES","Kamu","Ön Başvuru","Null","Point","esriGeometryPoint","40.189637493081797","40.565670768954334","4326","4326"
"25","İşletme Durumuna Göre HES","HES_ADI","Çamlıkkaya HES","1509","Çamlıkkaya HES","Kamu","insa halinde","Ögene D.","Point","esriGeometryPoint","40.209557891806099","40.659828586037634","4326","4326"
"25","İşletme Durumuna Göre HES","HES_ADI","Sarukan HES","495","Sarukan HES","Özel(Yap İşlet)","On_Basvuru","Null","Point","esriGeometryPoint","40.235536095561145","37.997495999362258","4326","4326"
"25","İşletme Durumuna Göre HES","HES_ADI","Dicle I HES","374","Dicle I HES","Özel(Yap İşlet)","Fizibilite","Null","Point","esriGeometryPoint","40.252212327953011","38.019920849508793","4326","4326"
"25","İşletme Durumuna Göre HES","HES_ADI","Gençosman HES","817","Gençosman HES","Kamu","Ön Başvuru","Null","Point","esriGeometryPoint","40.255548311554399","40.226833752915539","4326","4326"
"25","İşletme Durumuna Göre HES","HES_ADI","Karasu -3 HES","251","Karasu -3 HES","Kamu","planlama","Karasu","Point","esriGeometryPoint","40.364418069971784","39.934115977110878","4326","4326"
"25","İşletme Durumuna Göre HES","HES_ADI","Yedisu HES","297","Yedisu HES","Özel(Yap İşlet Devret)","SKHA","Yedisu","Point","esriGeometryPoint","40.373883367785751","39.277459190370664","4326","4326"
"25","İşletme Durumuna Göre HES","HES_ADI","Kartalkaya Brj  ","1460","Kartalkaya Brj","Özel(Yap İşlet Devret)","Insa Halinde","Aksu Ç.","Point","esriGeometryPoint","37.23565424624536","37.469563698421823","4326","4326"
"25","İşletme Durumuna Göre HES","HES_ADI","Umutlu Bendi","1449","Umutlu Bendi","Özel(Yap İşlet Devret)","SKHA","Göksu N.","Point","esriGeometryPoint","37.405725927863173","37.887979278493013","4326","4326"
"25","İşletme Durumuna Göre HES","HES_ADI","Çukurkaya HES","300","Çukurkaya HES","Özel(Yap İşlet Devret)","Fizibilite","Tohma Ç.","Point","esriGeometryPoint","37.490439246789769","38.564347870130213","4326","4326"
"25","İşletme Durumuna Göre HES","HES_ADI","Koç","1422","Koç","Özel(Yap İşlet Devret)","Fizibilite","Kapıdere Ç.","Point","esriGeometryPoint","37.682585287465081","37.918597815138263","4326","4326"
"25","İşletme Durumuna Göre HES","HES_ADI","Koyulhisar HES","152","Koyulhisar HES","Özel(Yap İşlet)","Isletmede","Kelkit Ç.","Point","esriGeometryPoint","37.782518784225267","40.29048180533583","4326","4326"
"25","İşletme Durumuna Göre HES","HES_ADI","Kozbükü HES","426","Kozbükü HES","Özel(Yap İşlet)","Fizibilite","Melet","Point","esriGeometryPoint","37.824784397039217","40.834021089387612","4326","4326"
"25","İşletme Durumuna Göre HES","HES_ADI","Darıca-1 HES","428","Darıca-1 HES","Özel(Yap İşlet)","Fizibilite","Melet","Point","esriGeometryPoint","37.861160100940261","40.713005270035701","4326","4326"
"25","İşletme Durumuna Göre HES","HES_ADI","Besni","1472","Besni","Kamu","isletmede","Göksu N.,Sofraz Ç.,Değirmen Ç.","Point","esriGeometryPoint","37.873579519577277","37.646814440801002","4326","4326"
"25","İşletme Durumuna Göre HES","HES_ADI","Gemköprü HES","292","Gemköprü HES","Özel(Yap İşlet Devret)","Fizibilite","Gemköprü D. Eskiköy D.","Point","esriGeometryPoint","37.886857238190863","37.926350197421755","4326","4326"
"25","İşletme Durumuna Göre HES","HES_ADI","Mursal -2 HES","1393","Mursal -2 HES","Özel(Yap İşlet)","SKHA","Nih Ç., Hikme Ç.","Point","esriGeometryPoint","38.005701784142516","39.264426784044915","4326","4326"
"25","İşletme Durumuna Göre HES","HES_ADI","Kayısı HES","296","Kayısı HES","Özel(Yap İşlet Devret)","Fizibilite","Null","Point","esriGeometryPoint","38.10582561777111","38.396909913428225","4326","4326"
"25","İşletme Durumuna Göre HES","HES_ADI","Martı HES","782","Martı HES","Kamu","Ön Başvuru","Null","Point","esriGeometryPoint","38.176265501471676","40.92876730203011","4326","4326"
"25","İşletme Durumuna Göre HES","HES_ADI","Bulam","1469","Bulam","Özel(Yap İşlet Devret)","Insa Halinde","Bulam Ç.","Point","esriGeometryPoint","38.296154174935943","37.978934056766462","4326","4326"
"25","İşletme Durumuna Göre HES","HES_ADI","Atatürk Barajı Ve HES","1102","Atatürk Barajı Ve HES","Kamu","isletmede","Fırat N.","Point","esriGeometryPoint","38.310916384040624","37.486894619538759","4326","4326"
"25","İşletme Durumuna Göre HES","HES_ADI","Sevindik HES","1405","Sevindik HES","Özel(Yap İşlet)","Isletmede","S3 Sulama Kanalı","Point","esriGeometryPoint","38.429482697852855","40.095738030089947","4326","4326"
"25","İşletme Durumuna Göre HES","HES_ADI","Akça HES","194","Akça HES","Kamu","master plan, öninceleme","Kuru D.","Point","esriGeometryPoint","38.429581382185702","39.722678963221043","4326","4326"
"25","İşletme Durumuna Göre HES","HES_ADI","Kozluk HES","308","Kozluk HES","Özel(Yap İşlet Devret)","Fizibilite","Kozluk D.","Point","esriGeometryPoint","38.449166479526099","39.076916134228391","4326","4326"
"25","İşletme Durumuna Göre HES","HES_ADI","Asarcık HES","1573","Asarcık HES","Kamu","FZB","Null","Point","esriGeometryPoint","38.454379718526674","40.308962900707272","4326","4326"
"25","İşletme Durumuna Göre HES","HES_ADI","Sarıkonak HES","180","Sarıkonak HES","Kamu","master plan, öninceleme","Karabudak","Point","esriGeometryPoint","38.49900698665941","39.516638117275377","4326","4326"
"25","İşletme Durumuna Göre HES","HES_ADI","Vanazit HES","708","Vanazit HES","Kamu","insa halinde","Karadere","Point","esriGeometryPoint","38.53795638049759","40.893379886318066","4326","4326"
"25","İşletme Durumuna Göre HES","HES_ADI","Şebinkarahisar HES","740","Şebinkarahisar HES","Kamu","Null","Null","Point","esriGeometryPoint","38.551271119309838","40.346264789273235","4326","4326"
"25","İşletme Durumuna Göre HES","HES_ADI","Koçak HES","677","Koçak HES","Kamu","FZB","Null","Point","esriGeometryPoint","38.585671533015827","40.137046940948096","4326","4326"
"25","İşletme Durumuna Göre HES","HES_ADI","İlimsu HES","831","İlimsu HES","Kamu","FZB","Null","Point","esriGeometryPoint","38.653256585209988","40.367883840594864","4326","4326"
"25","İşletme Durumuna Göre HES","HES_ADI","Değirmen-2 HES","1519","Değirmen-2 HES","Kamu","planlama","Kelkit Ç.","Point","esriGeometryPoint","38.656094639872215","40.137727326451554","4326","4326"
"25","İşletme Durumuna Göre HES","HES_ADI","Kahta-1","1470","Kahta-1","Özel(Yap İşlet Devret)","SKHA","Kahta Ç.","Point","esriGeometryPoint","38.663811244299666","37.955346555262253","4326","4326"
"25","İşletme Durumuna Göre HES","HES_ADI","Çakıl-2 HES","1569","Çakıl-2 HES","Kamu","FZB","Null","Point","esriGeometryPoint","38.715508889237341","40.666714700416541","4326","4326"
"25","İşletme Durumuna Göre HES","HES_ADI","Değirmen HES 3","1520","Değirmen HES 3","Kamu","planlama","Kelkit Ç.","Point","esriGeometryPoint","38.742630422285771","40.136861632201729","4326","4326"
"25","İşletme Durumuna Göre HES","HES_ADI","Değirmen HES1","1521","Değirmen HES1","Kamu","planlama","Kelkit Ç.","Point","esriGeometryPoint","38.816196045702064","40.12621853375839","4326","4326"
"25","İşletme Durumuna Göre HES","HES_ADI","Tuğra-I HES","1533","Tuğra-I HES","Kamu","insa halinde","Karaovacık","Point","esriGeometryPoint","38.819304530637083","40.674355958417635","4326","4326"
"25","İşletme Durumuna Göre HES","HES_ADI","Aladereçam HES","1581","Aladereçam HES","Kamu","Null","Null","Point","esriGeometryPoint","38.839501980646389","40.620149290972556","4326","4326"
"25","İşletme Durumuna Göre HES","HES_ADI","Gücen HES","1579","Gücen HES","Kamu","Null","Null","Point","esriGeometryPoint","38.896175984905028","40.811776159160182","4326","4326"
"25","İşletme Durumuna Göre HES","HES_ADI","Bal HES","1522","Bal HES","Kamu","FZB","Null","Point","esriGeometryPoint","38.905875662842867","40.11138793820777","4326","4326"
"25","İşletme Durumuna Göre HES","HES_ADI","Tagar HES","305","Tagar HES","Özel(Yap İşlet Devret)","SKHA","Tagar Ç.","Point","esriGeometryPoint","38.91193139059807","39.045509096550852","4326","4326"
"25","İşletme Durumuna Göre HES","HES_ADI","Taşdibi HES","784","Taşdibi HES","Kamu","fzb","Null","Point","esriGeometryPoint","38.972436857692401","40.505337119590521","4326","4326"
"25","İşletme Durumuna Göre HES","HES_ADI","Akköy HES","1510","Akköy HES","Kamu","Başvuru","Null","Point","esriGeometryPoint","38.998855635519391","40.891377688699905","4326","4326"
"25","İşletme Durumuna Göre HES","HES_ADI","Mete HES","837","Mete HES","Kamu","FZB","Null","Point","esriGeometryPoint","39.009287483693832","40.09089173756734","4326","4326"
"25","İşletme Durumuna Göre HES","HES_ADI","Öğüntaş HES","742","Öğüntaş HES","Kamu","Null","Null","Point","esriGeometryPoint","39.024300693842811","40.101284821750632","4326","4326"
"25","İşletme Durumuna Göre HES","HES_ADI","Kırıklı HES","877","Kırıklı HES","Kamu","master plan, öninceleme","Null","Point","esriGeometryPoint","39.072237546748589","40.973339436104418","4326","4326"
"25","İşletme Durumuna Göre HES","HES_ADI","Akasya HES","779","Akasya HES","Kamu","FZB","Null","Point","esriGeometryPoint","39.082663636192393","41.031857786291418","4326","4326"
"25","İşletme Durumuna Göre HES","HES_ADI","İlecik HES","777","İlecik HES","Kamu","FZB","Null","Point","esriGeometryPoint","39.091069327656015","40.528304873277634","4326","4326"
"25","İşletme Durumuna Göre HES","HES_ADI","Ağasar HES","854","Ağasar HES","Kamu","FZB","Null","Point","esriGeometryPoint","39.198247176687318","40.913520419950039","4326","4326"
"25","İşletme Durumuna Göre HES","HES_ADI","Çıtaklı HES","876","Çıtaklı HES","Kamu","master plan, öninceleme","Null","Point","esriGeometryPoint","39.203206166170077","40.932036538413705","4326","4326"
"25","İşletme Durumuna Göre HES","HES_ADI","Yenice Regulatoru Ve HES","939","Yenice Regulatoru Ve HES","Özel(Yap İşlet)","On_Basvuru","Null","Point","esriGeometryPoint","39.226544158754074","38.306465420432012","4326","4326"
"25","İşletme Durumuna Göre HES","HES_ADI","Çağlayan HES","129","Çağlayan HES","Özel(Yap İşlet)","Fizibilite","Erikli D.","Point","esriGeometryPoint","39.234895280676405","38.303614183057185","4326","4326"
"25","İşletme Durumuna Göre HES","HES_ADI","Hazar-I HES","343","Hazar-I HES","Özel(Yap İşlet Devret)","Isletmede","Hazar Gölü","Point","esriGeometryPoint","39.363120327952906","38.549747368653854","4326","4326"
"25","İşletme Durumuna Göre HES","HES_ADI","Hazar-2 HES","344","Hazar-2 HES","Özel(Yap İşlet Devret)","Isletmede","Hazar Gölü","Point","esriGeometryPoint","39.373465306109381","38.579072430318448","4326","4326"
"25","İşletme Durumuna Göre HES","HES_ADI","Çakırman HES","211","Çakırman HES","Kamu","planlama","Çakırman","Point","esriGeometryPoint","39.613318944923698","39.749966746805036","4326","4326"
"25","İşletme Durumuna Göre HES","HES_ADI","Girlevik-2","432","Girlevik-2","Özel(Yap İşlet Devret)","Isletmede","Mercan D.","Point","esriGeometryPoint","39.669382045902594","39.594039503081369","4326","4326"
"25","İşletme Durumuna Göre HES","HES_ADI","Değirmen HES","826","Değirmen HES","Kamu","Ön Başvuru","Null","Point","esriGeometryPoint","39.809168875120228","40.665065305185493","4326","4326"
"25","İşletme Durumuna Göre HES","HES_ADI","Mutu 1 HES","331","Mutu 1 HES","Özel(Yap İşlet Devret)","Fizibilite","Şenpus Ç. / Karasu (Fırat)","Point","esriGeometryPoint","39.859861396158671","39.578357497971659","4326","4326"
"25","İşletme Durumuna Göre HES","HES_ADI","Mutu 2 HES","332","Mutu 2 HES","Özel(Yap İşlet Devret)","Fizibilite","Şenpus Ç. / Karasu (Fırat)","Point","esriGeometryPoint","39.870664082106821","39.590788083583071","4326","4326"
"25","İşletme Durumuna Göre HES","HES_ADI","Ortaçağ HES","684","Ortaçağ HES","Kamu","İnşaat","Null","Point","esriGeometryPoint","39.929585808272542","40.732899655591204","4326","4326"
"25","İşletme Durumuna Göre HES","HES_ADI","Bayraktar HES","1544","Bayraktar HES","Kamu","FZB","Null","Point","esriGeometryPoint","40.029027319170062","40.800317019945993","4326","4326"
"25","İşletme Durumuna Göre HES","HES_ADI","Manahoz HES","1507","Manahoz HES","Kamu","Başvuru","Null","Point","esriGeometryPoint","40.110685897644522","40.846168312806803","4326","4326"
"25","İşletme Durumuna Göre HES","HES_ADI","Dicle HES","978","Dicle HES","Kamu","isletmede","Dicle N.","Point","esriGeometryPoint","40.167676736269122","38.229278940090126","4326","4326"
"25","İşletme Durumuna Göre HES","HES_ADI","Hadi HES","776","Hadi HES","Kamu","FZB","Null","Point","esriGeometryPoint","40.187480816387954","40.698940687845685","4326","4326"
"25","İşletme Durumuna Göre HES","HES_ADI","Degirmenli Regulatoru Ve HES","492","Degirmenli Regulatoru Ve HES","Özel(Yap İşlet)","On_Basvuru","Null","Point","esriGeometryPoint","40.198165597166089","38.424382888284931","4326","4326"
"25","İşletme Durumuna Göre HES","HES_ADI","Volkan HES","822","Volkan HES","Kamu","Ön Başvuru","Null","Point","esriGeometryPoint","40.201344303143927","40.626414270906793","4326","4326"
"25","İşletme Durumuna Göre HES","HES_ADI","Derin HES","799","Derin HES","Kamu","Ön Başvuru","Null","Point","esriGeometryPoint","40.241317157997116","40.744886038230717","4326","4326"
"25","İşletme Durumuna Göre HES","HES_ADI","Arca HES","1531","Arca HES","Kamu","FZB","Null","Point","esriGeometryPoint","40.276924061748019","40.927539575143555","4326","4326"
"25","İşletme Durumuna Göre HES","HES_ADI","Umut HES","282","Umut HES","Kamu","planlama","Tuzla","Point","esriGeometryPoint","40.277090892115446","39.728344595685272","4326","4326"
"25","İşletme Durumuna Göre HES","HES_ADI","Kandil","1427","Kandil","Özel(Yap İşlet Devret)","Insa Halinde","Ceyhan","Point","esriGeometryPoint","37.022856834843161","37.975745924164322","4326","4326"
"25","İşletme Durumuna Göre HES","HES_ADI","Karşıyaka","1462","Karşıyaka","Özel(Yap İşlet Devret)","SKHA","Aksu Ç.(İçme Suyu İsale Hattı)","Point","esriGeometryPoint","37.390416866367623","37.078320356184335","4326","4326"
"25","İşletme Durumuna Göre HES","HES_ADI","Güdül 2  HES ","314","Güdül 2  HES","Özel(Yap İşlet Devret)","Fizibilite","Tohma Ç.","Point","esriGeometryPoint","37.722998380852893","38.488502112163829","4326","4326"
"25","İşletme Durumuna Göre HES","HES_ADI","Suçatı HES ","367","Suçatı HES","Özel(Yap İşlet Devret)","SKHA","Tohma Ç.","Point","esriGeometryPoint","38.01991955752711","38.277502700650118","4326","4326"
"25","İşletme Durumuna Göre HES","HES_ADI","Karkamış","1432","Karkamış","Kamu","isletmede","Fırat N.","Point","esriGeometryPoint","38.030947680365799","36.869434718764815","4326","4326"
"25","İşletme Durumuna Göre HES","HES_ADI","Uzunköy ","1497","Uzunköy","Özel(Yap İşlet Devret)","Fizibilite","Çat-Tilkihan Dereleri","Point","esriGeometryPoint","38.094031833465642","37.875708225630746","4326","4326"
"25","İşletme Durumuna Göre HES","HES_ADI","Çiğdem HES","671","Çiğdem HES","Kamu","FZB","Null","Point","esriGeometryPoint","38.118226781081823","40.628863808655552","4326","4326"
"25","İşletme Durumuna Göre HES","HES_ADI","Murat (1)","1503","Murat (1)","Kamu","4","Göksu N.","Point","esriGeometryPoint","38.130230857542529","37.547990518995022","4326","4326"
"25","İşletme Durumuna Göre HES","HES_ADI","Karadut","1434","Karadut","Özel(Yap İşlet Devret)","Fizibilite","Sofraz Ç.","Point","esriGeometryPoint","38.134138201520706","37.502497942553163","4326","4326"
"25","İşletme Durumuna Göre HES","HES_ADI","Çorak HES","816","Çorak HES","Kamu","Ön Başvuru","Null","Point","esriGeometryPoint","38.295261982648995","40.724963368909478","4326","4326"
"25","İşletme Durumuna Göre HES","HES_ADI","Doruk HES","1514","Doruk HES","Kamu","insa halinde","Aksu D.","Point","esriGeometryPoint","38.30664313178108","40.566383258270569","4326","4326"
"25","İşletme Durumuna Göre HES","HES_ADI","Kayalık HES","172","Kayalık HES","Kamu","planlama","Karabudak D.","Point","esriGeometryPoint","38.378944005883518","39.564092451981004","4326","4326"
"25","İşletme Durumuna Göre HES","HES_ADI","Ekincik HES","279","Ekincik HES","Kamu","master plan, öninceleme","Karabudak","Point","esriGeometryPoint","38.39817114680875","39.782090739822358","4326","4326"
"25","İşletme Durumuna Göre HES","HES_ADI","Dereli HES","737","Dereli HES","Kamu","SKHA","Null","Point","esriGeometryPoint","38.419045113646","40.683832270375994","4326","4326"
"25","İşletme Durumuna Göre HES","HES_ADI","Aksu HES","311","Aksu HES","Özel(Yap İşlet Devret)","Fizibilite","Aksu D.","Point","esriGeometryPoint","38.544558059408239","38.147083558986409","4326","4326"
"25","İşletme Durumuna Göre HES","HES_ADI","Kalen HES","752","Kalen HES","Kamu","Başvuru","Null","Point","esriGeometryPoint","38.60146897157091","40.595433614303033","4326","4326"
"25","İşletme Durumuna Göre HES","HES_ADI","Kahta ","1413","Kahta","Özel(Yap İşlet Devret)","Insa Halinde","Büyüköz Ç.","Point","esriGeometryPoint","38.701196445502895","38.012430201148746","4326","4326"
"25","İşletme Durumuna Göre HES","HES_ADI","Keban Deresi HES","304","Keban Deresi HES","Özel(Yap İşlet Devret)","SKHA","Keban Barajı Kaçak Suları","Point","esriGeometryPoint","38.727196441368065","38.79211834204807","4326","4326"
"25","İşletme Durumuna Göre HES","HES_ADI","Değirmen3 HES","840","Değirmen3 HES","Kamu","FZB","Null","Point","esriGeometryPoint","38.744777181407727","40.136510761915545","4326","4326"
"25","İşletme Durumuna Göre HES","HES_ADI","Sancak HES","829","Sancak HES","Kamu","Ön Rapor","Null","Point","esriGeometryPoint","38.759745735074958","40.911163112519532","4326","4326"
"25","İşletme Durumuna Göre HES","HES_ADI","Kaynar HES","662","Kaynar HES","Kamu","FZB","Null","Point","esriGeometryPoint","38.790703751638965","40.096585529581411","4326","4326"
"25","İşletme Durumuna Göre HES","HES_ADI","Ziyaret HES ","288","Ziyaret HES","Özel(Yap İşlet Devret)","Fizibilite","Barasor Ç.","Point","esriGeometryPoint","38.793984990610518","39.216896871946808","4326","4326"
"25","İşletme Durumuna Göre HES","HES_ADI","Değirmen1 HES","839","Değirmen1 HES","Kamu","FZB","Null","Point","esriGeometryPoint","38.815806785744748","40.127193614314081","4326","4326"
"25","İşletme Durumuna Göre HES","HES_ADI","Ekinciler HES","652","Ekinciler HES","Özel(Yap İşlet Devret)","FZB","Ekinciler D.","Point","esriGeometryPoint","39.006014608860468","40.505779811407656","4326","4326"
"25","İşletme Durumuna Göre HES","HES_ADI","Çanakçı-I HES","749","Çanakçı-I HES","Kamu","FZB","Null","Point","esriGeometryPoint","39.047448003141675","40.871267062712754","4326","4326"
"25","İşletme Durumuna Göre HES","HES_ADI","Mevlüt ","1414","Mevlüt","Özel(Yap İşlet Devret)","Fizibilite","Yenibardak Çay","Point","esriGeometryPoint","39.130457359971615","38.162255089957419","4326","4326"
"25","İşletme Durumuna Göre HES","HES_ADI","Geyikli HES","821","Geyikli HES","Kamu","Ön Başvuru","Null","Point","esriGeometryPoint","39.192105325509331","40.896342714102566","4326","4326"
"25","İşletme Durumuna Göre HES","HES_ADI","Balıkhisar HES","743","Balıkhisar HES","Kamu","Null","Null","Point","esriGeometryPoint","39.214384424404905","40.085473895356593","4326","4326"
"25","İşletme Durumuna Göre HES","HES_ADI","Kuzey 4 HES","833","Kuzey 4 HES","Kamu","FZB","Null","Point","esriGeometryPoint","39.224789526130145","40.389004189463435","4326","4326"
"25","İşletme Durumuna Göre HES","HES_ADI","Kayacan HES","1553","Kayacan HES","Kamu","FZB","Null","Point","esriGeometryPoint","39.293207878243429","40.943036940680898","4326","4326"
"25","İşletme Durumuna Göre HES","HES_ADI","Kuletaşı HES","1598","Kuletaşı HES","Kamu","FZB","Null","Point","esriGeometryPoint","39.318090437886369","40.545041852983658","4326","4326"
"25","İşletme Durumuna Göre HES","HES_ADI","Deliçay HES","190","Deliçay HES","Kamu","master plan, öninceleme","Deliçay D.","Point","esriGeometryPoint","39.340590375560311","39.631426319475473","4326","4326"
"25","İşletme Durumuna Göre HES","HES_ADI","Koru HES","1599","Koru HES","Kamu","FZB","Null","Point","esriGeometryPoint","39.403324189587046","40.52917515361775","4326","4326"
"25","İşletme Durumuna Göre HES","HES_ADI","Çınar HES","794","Çınar HES","Kamu","Ön Başvuru","Null","Point","esriGeometryPoint","39.4739665547702","40.902160848602392","4326","4326"
"25","İşletme Durumuna Göre HES","HES_ADI","Tonya HES","1536","Tonya HES","Özel(Yap İşlet Devret)","Insa Halinde","Karıkar D.","Point","esriGeometryPoint","39.47655841184654","40.670360819135077","4326","4326"
"25","İşletme Durumuna Göre HES","HES_ADI","Pirahmet HES","721","Pirahmet HES","Kamu","Null","Null","Point","esriGeometryPoint","39.592767471165317","40.405622335310085","4326","4326"
"25","İşletme Durumuna Göre HES","HES_ADI","Meryemana HES","667","Meryemana HES","Özel(Yap İşlet Devret)","FZB","Meryemana D.","Point","esriGeometryPoint","39.686929734096189","40.635516130379706","4326","4326"
"25","İşletme Durumuna Göre HES","HES_ADI","Atasu HES","870","Atasu HES","Kamu","insa halinde","Null","Point","esriGeometryPoint","39.701250043065428","40.856994757131531","4326","4326"
"25","İşletme Durumuna Göre HES","HES_ADI","Bedirdüzü-2 HES","216","Bedirdüzü-2 HES","Kamu","master plan, öninceleme","Büyükçay","Point","esriGeometryPoint","39.766257409936145","39.870160581830412","4326","4326"
"25","İşletme Durumuna Göre HES","HES_ADI","Armağan HES","168","Armağan HES","Kamu","planlama","Fırat","Point","esriGeometryPoint","39.836341249956341","39.603171644242124","4326","4326"
"25","İşletme Durumuna Göre HES","HES_ADI","Seyrantepe HES","363","Seyrantepe HES","Özel(Yap İşlet Devret)","Isletmede","Null","Point","esriGeometryPoint","39.891721871152555","38.988874701372616","4326","4326"
"25","İşletme Durumuna Göre HES","HES_ADI","Akocak HES","1604","Akocak HES","Kamu","SKHA","Null","Point","esriGeometryPoint","39.898812926977705","40.680786460779778","4326","4326"
"25","İşletme Durumuna Göre HES","HES_ADI","Selimoğlu HES","686","Selimoğlu HES","Kamu","Insaat","Null","Point","esriGeometryPoint","39.970745864293576","40.869050657622317","4326","4326"
"25","İşletme Durumuna Göre HES","HES_ADI","Hisar HES","303","Hisar HES","Özel(Yap İşlet Devret)","Fizibilite","Kummek D.","Point","esriGeometryPoint","40.044548090600181","38.524908960275113","4326","4326"
"25","İşletme Durumuna Göre HES","HES_ADI","Özlüce HES","354","Özlüce HES","Kamu","isletmede","Peri Suyu","Point","esriGeometryPoint","40.087162346632468","39.126873829746152","4326","4326"
"25","İşletme Durumuna Göre HES","HES_ADI","Balkodu-2 HES","1572","Balkodu-2 HES","Kamu","FZB","Null","Point","esriGeometryPoint","40.178393080627373","40.584448891638417","4326","4326"
"25","İşletme Durumuna Göre HES","HES_ADI","Yeşilçamlık HES","820","Yeşilçamlık HES","Kamu","Ön Rapor","Null","Point","esriGeometryPoint","40.227400084084444","40.709409709622179","4326","4326"
"25","İşletme Durumuna Göre HES","HES_ADI","Aydıntepe-2 HES","763","Aydıntepe-2 HES","Özel(Yap İşlet Devret)","FZB","Çoruh N.","Point","esriGeometryPoint","40.229497672378351","40.354181983851007","4326","4326"
"25","İşletme Durumuna Göre HES","HES_ADI","Çambaşı HES","719","Çambaşı HES","Kamu","FZB","Null","Point","esriGeometryPoint","40.248851359616836","40.75954634470326","4326","4326"
"25","İşletme Durumuna Göre HES","HES_ADI","Uzungöl-2 HES","717","Uzungöl-2 HES","Özel(Yap İşlet Devret)","FZB","Null","Point","esriGeometryPoint","40.251813944108008","40.675037129433285","4326","4326"
"25","İşletme Durumuna Göre HES","HES_ADI","Uzungöl-Of-Solaklı HES","873","Uzungöl-Of-Solaklı HES","Kamu","planlama","Null","Point","esriGeometryPoint","40.291609213847963","40.620776049865427","4326","4326"
"25","İşletme Durumuna Göre HES","HES_ADI","Saray HES","792","Saray HES","Kamu","fzb","Null","Point","esriGeometryPoint","40.352714703784663","40.963893464914598","4326","4326"
"25","İşletme Durumuna Göre HES","HES_ADI","Sarıgüzel","1458","Sarıgüzel","Özel(Yap İşlet Devret)","Insa Halinde","Ceyhan N.","Point","esriGeometryPoint","36.970853065505523","37.900147090511183","4326","4326"
"25","İşletme Durumuna Göre HES","HES_ADI","Söğütlü Regülatörü","1501","Söğütlü Regülatörü","Özel(Yap İşlet)","Fizibilite","Söğütlüboynu D.","Point","esriGeometryPoint","36.977532422959541","37.856726185405456","4326","4326"
"25","İşletme Durumuna Göre HES","HES_ADI","Akıncı HES","421","Akıncı HES","Özel(Yap İşlet)","SKHA","Kelkit","Point","esriGeometryPoint","37.098483695507468","40.442139157952269","4326","4326"
"25","İşletme Durumuna Göre HES","HES_ADI","Kartal HES","461","Kartal HES","Özel(Yap İşlet)","Fizibilite","Cevizdere","Point","esriGeometryPoint","37.247021107425233","41.034071208336933","4326","4326"
"25","İşletme Durumuna Göre HES","HES_ADI","Reşadiye HES","422","Reşadiye HES","Özel(Yap İşlet)","SKHA","Kelkit","Point","esriGeometryPoint","37.299702394149143","40.399525474204182","4326","4326"
"25","İşletme Durumuna Göre HES","HES_ADI","Nur HES","161","Nur HES","Özel(Yap İşlet Devret)","Fizibilite","Aksu Ç.","Point","esriGeometryPoint","37.346509328076891","37.540660190765955","4326","4326"
"25","İşletme Durumuna Göre HES","HES_ADI","Akpınar HES","1409","Akpınar HES","Özel(Yap İşlet Devret)","SKHA","Aksu Ç.","Point","esriGeometryPoint","37.448634842297061","37.585009289584285","4326","4326"
"25","İşletme Durumuna Göre HES","HES_ADI","Bayramlı","1410","Bayramlı","Özel(Yap İşlet Devret)","Fizibilite","Sacir Suyu","Point","esriGeometryPoint","37.508793947020756","37.006192509247725","4326","4326"
"25","İşletme Durumuna Göre HES","HES_ADI","Güdül 1 HES","313","Güdül 1 HES","Özel(Yap İşlet Devret)","Fizibilite","Tohma Ç.","Point","esriGeometryPoint","37.550541664554878","38.510506766559431","4326","4326"
"25","İşletme Durumuna Göre HES","HES_ADI","Sancar HES","299","Sancar HES","Özel(Yap İşlet Devret)","SKHA","Sancar D.","Point","esriGeometryPoint","37.762911774230574","38.015102552410617","4326","4326"
"25","İşletme Durumuna Göre HES","HES_ADI","Erkenek","1431","Erkenek","Özel(Yap İşlet Devret)","Isletmede","Karanlık Dere","Point","esriGeometryPoint","37.819706732048651","37.869043901668647","4326","4326"
"25","İşletme Durumuna Göre HES","HES_ADI","Bizna","1476","Bizna","Özel(Yap İşlet Devret)","Fizibilite","Göksu Ç.","Point","esriGeometryPoint","37.832129448021853","37.832299678747241","4326","4326"
"25","İşletme Durumuna Göre HES","HES_ADI","Aktepe","1494","Aktepe","Özel(Yap İşlet Devret)","Fizibilite","Göksu N.","Point","esriGeometryPoint","37.839929118777263","37.797637130280719","4326","4326"
"25","İşletme Durumuna Göre HES","HES_ADI","Müslümabat HES","1403","Müslümabat HES","Kamu","planlama","Kızılırmak","Point","esriGeometryPoint","37.946577348016589","39.918169997581693","4326","4326"
"25","İşletme Durumuna Göre HES","HES_ADI","Sadıklı HES","365","Sadıklı HES","Özel(Yap İşlet Devret)","Fizibilite","Tohma Ç.","Point","esriGeometryPoint","37.98284153871186","38.520599119397218","4326","4326"
"25","İşletme Durumuna Göre HES","HES_ADI","Şepker-Şerefli","165","Şepker-Şerefli","Özel(Yap İşlet Devret)","Fizibilite","Göksu N.,Şepker Ç.,Gürlavik  D.","Point","esriGeometryPoint","38.070352322553433","37.782538025899584","4326","4326"
"25","İşletme Durumuna Göre HES","HES_ADI","Kılıçlı HES","807","Kılıçlı HES","Kamu","Ön başvuru","Null","Point","esriGeometryPoint","38.110386933023186","40.86475045169243","4326","4326"
"25","İşletme Durumuna Göre HES","HES_ADI","Kılıçlı HES","844","Kılıçlı HES","Kamu","FZB","Null","Point","esriGeometryPoint","38.1236715684026","40.865522049939948","4326","4326"
"25","İşletme Durumuna Göre HES","HES_ADI","Nebioğlu HES","750","Nebioğlu HES","Kamu","FZB","Null","Point","esriGeometryPoint","38.310720781270106","40.821184841533061","4326","4326"
"25","İşletme Durumuna Göre HES","HES_ADI","Memülü HES","845","Memülü HES","Kamu","ÖN BAŞVURU","Null","Point","esriGeometryPoint","38.317243281210352","40.637274716043621","4326","4326"
"25","İşletme Durumuna Göre HES","HES_ADI","Darı HES","277","Darı HES","Kamu","master plan, öninceleme","Karaca D.","Point","esriGeometryPoint","38.325469104196372","39.630864354516916","4326","4326"
"25","İşletme Durumuna Göre HES","HES_ADI","Kernek HES","341","Kernek HES","Kamu","isletmede","Tohma Ç.","Point","esriGeometryPoint","38.342400659240745","38.344163101216665","4326","4326"
"25","İşletme Durumuna Göre HES","HES_ADI","Sütlüce HES","281","Sütlüce HES","Kamu","master plan, öninceleme","Karabudak","Point","esriGeometryPoint","38.353320226156121","39.703383238545328","4326","4326"
"25","İşletme Durumuna Göre HES","HES_ADI","Bahar HES","842","Bahar HES","Kamu","BAŞVURU","Null","Point","esriGeometryPoint","38.379481754322406","40.642426783778433","4326","4326"
"25","İşletme Durumuna Göre HES","HES_ADI","Şifrin","1495","Şifrin","Özel(Yap İşlet Devret)","Fizibilite","Kavan D.,Birimşe Ç.","Point","esriGeometryPoint","38.399821438069722","38.04994918946344","4326","4326"
"25","İşletme Durumuna Göre HES","HES_ADI","Asarcık-2 HES","1513","Asarcık-2 HES","Kamu","FZB","Null","Point","esriGeometryPoint","38.450589530818675","40.366212741260298","4326","4326"
"25","İşletme Durumuna Göre HES","HES_ADI","Muratlı HES","1537","Muratlı HES","Kamu","FZB","Null","Point","esriGeometryPoint","38.494809157012952","40.161678439760784","4326","4326"
"25","İşletme Durumuna Göre HES","HES_ADI","Kalen HES","753","Kalen HES","Kamu","Başvuru","Null","Point","esriGeometryPoint","38.568200367617393","40.604881045845843","4326","4326"
"25","İşletme Durumuna Göre HES","HES_ADI","Gölova HES","1396","Gölova HES","Özel(Yap İşlet)","Isletmede","Kelkit Ç.","Point","esriGeometryPoint","38.582455631871333","40.06776019425952","4326","4326"
"25","İşletme Durumuna Göre HES","HES_ADI","Göktepe HES","791","Göktepe HES","Kamu","FZB","Null","Point","esriGeometryPoint","38.602214125347423","40.592138197731778","4326","4326"
"25","İşletme Durumuna Göre HES","HES_ADI","Kayaköprü HES","1566","Kayaköprü HES","Kamu","FZB","Null","Point","esriGeometryPoint","38.622843197307475","40.705485884887921","4326","4326"
"25","İşletme Durumuna Göre HES","HES_ADI","Soğukpınar HES","1574","Soğukpınar HES","Kamu","FZB","Null","Point","esriGeometryPoint","38.69521342577044","40.663988595405186","4326","4326"
"25","İşletme Durumuna Göre HES","HES_ADI","Akköy-Espiye(Regülatör)","874","Akköy-Espiye(Regülatör)","Kamu","master plan, öninceleme","Null","Point","esriGeometryPoint","38.702993706929284","40.830047326040692","4326","4326"
"25","İşletme Durumuna Göre HES","HES_ADI","Çileklitepe HES","1575","Çileklitepe HES","Kamu","FZB","Null","Point","esriGeometryPoint","38.721767790958651","40.702944831579778","4326","4326"
"25","İşletme Durumuna Göre HES","HES_ADI","Ahallı HES","766","Ahallı HES","Kamu","Başvuru","Null","Point","esriGeometryPoint","38.762733982447877","40.777852536912611","4326","4326"
"25","İşletme Durumuna Göre HES","HES_ADI","Pamuk HES","759","Pamuk HES","Kamu","FZB","Null","Point","esriGeometryPoint","38.952776659796335","40.105457681388309","4326","4326"
"25","İşletme Durumuna Göre HES","HES_ADI","Çanakçı--3 HES","747","Çanakçı--3 HES","Kamu","FZB","Null","Point","esriGeometryPoint","38.997559829640686","40.979057410327997","4326","4326"
"25","İşletme Durumuna Göre HES","HES_ADI","Kemah HES","205","Kemah HES","Kamu","master plan, öninceleme","Fırat N.","Point","esriGeometryPoint","39.082298265018942","39.602436595448204","4326","4326"
"25","İşletme Durumuna Göre HES","HES_ADI","Karakaya HES","975","Karakaya HES","Kamu","isletmede","Fırat N.","Point","esriGeometryPoint","39.132374218296704","38.226602252996067","4326","4326"
"25","İşletme Durumuna Göre HES","HES_ADI","Taştan HES","770","Taştan HES","Kamu","FZB","Null","Point","esriGeometryPoint","39.139742533961638","40.82532446982043","4326","4326"
"25","İşletme Durumuna Göre HES","HES_ADI","Yöre HES","783","Yöre HES","Kamu","Ön Başvuru","Null","Point","esriGeometryPoint","39.210367186546748","40.512048998570585","4326","4326"
"25","İşletme Durumuna Göre HES","HES_ADI","Torul HES","1597","Torul HES","Kamu","Null","Null","Point","esriGeometryPoint","39.210574805749246","40.643615214459857","4326","4326"
"25","İşletme Durumuna Göre HES","HES_ADI","Çobanyurdu HES","325","Çobanyurdu HES","Özel(Yap İşlet Devret)","Fizibilite","Değirmen Dere","Point","esriGeometryPoint","39.261455797881581","38.911739238324351","4326","4326"
"25","İşletme Durumuna Göre HES","HES_ADI","Cermik Regulatoru Ve HES","493","Cermik Regulatoru Ve HES","Özel(Yap İşlet)","On_Basvuru","Null","Point","esriGeometryPoint","39.46205613895998","38.164357662359535","4326","4326"
"25","İşletme Durumuna Göre HES","HES_ADI","Gagabeyaz HES","825","Gagabeyaz HES","Kamu","Ön Başvuru","Null","Point","esriGeometryPoint","39.487300571189294","40.697574954132065","4326","4326"
"25","İşletme Durumuna Göre HES","HES_ADI","Tonya-I-2 HES","758","Tonya-I-2 HES","Kamu","Başvuru","Null","Point","esriGeometryPoint","39.50517074197321","40.659879220689504","4326","4326"
"25","İşletme Durumuna Göre HES","HES_ADI","Kaletepe HES","347","Kaletepe HES","Özel(Yap İşlet Devret)","Insa Halinde","Munzur Suyu","Point","esriGeometryPoint","39.507489423919488","39.127313137860654","4326","4326"
"25","İşletme Durumuna Göre HES","HES_ADI","Yıldızlı HES","756","Yıldızlı HES","Kamu","Başvuru","Null","Point","esriGeometryPoint","39.620000712295536","40.988122677471736","4326","4326"
"25","İşletme Durumuna Göre HES","HES_ADI","Maçka HES","1602","Maçka HES","Kamu","Null","Null","Point","esriGeometryPoint","39.675432144810763","40.849668182390438","4326","4326"
"25","İşletme Durumuna Göre HES","HES_ADI","Yakut 2 HES","174","Yakut 2 HES","Kamu","master plan, öninceleme","Fırat N.","Point","esriGeometryPoint","39.693093287805432","39.611233380160229","4326","4326"
"25","İşletme Durumuna Göre HES","HES_ADI","Yanbolu HES","642","Yanbolu HES","Kamu","FZB","Null","Point","esriGeometryPoint","39.794968338841592","40.644996392839474","4326","4326"
"25","İşletme Durumuna Göre HES","HES_ADI","Bangal HES","1525","Bangal HES","Kamu","SKHA","Null","Point","esriGeometryPoint","39.902048235755259","40.604060923103454","4326","4326"
"25","İşletme Durumuna Göre HES","HES_ADI","Kuşluk HES","711","Kuşluk HES","Kamu","SKHA","Null","Point","esriGeometryPoint","39.914672172884707","40.626732282468971","4326","4326"
"25","İşletme Durumuna Göre HES","HES_ADI","Ortaçağ HES","704","Ortaçağ HES","Kamu","Başvuru","Null","Point","esriGeometryPoint","39.944516097374297","40.718177842140165","4326","4326"
"25","İşletme Durumuna Göre HES","HES_ADI","Sansa HES","169","Sansa HES","Kamu","planlama","Fırat","Point","esriGeometryPoint","39.94830823721842","39.589695395542734","4326","4326"
"25","İşletme Durumuna Göre HES","HES_ADI","Arslanca HES","853","Arslanca HES","Kamu","FZB","Null","Point","esriGeometryPoint","40.01645128715014","40.580445142132945","4326","4326"
"25","İşletme Durumuna Göre HES","HES_ADI","Küçükdere HES","804","Küçükdere HES","Kamu","FZB","Null","Point","esriGeometryPoint","40.065268000942055","40.858530127172898","4326","4326"
"25","İşletme Durumuna Göre HES","HES_ADI","Günayşe HES","744","Günayşe HES","Özel(Yap İşlet Devret)","IS","Manahoz Dere","Point","esriGeometryPoint","40.124239011870323","40.772443245717653","4326","4326"
"25","İşletme Durumuna Göre HES","HES_ADI","Orencik Regulatoru Ve HES","494","Orencik Regulatoru Ve HES","Özel(Yap İşlet)","On_Basvuru","Null","Point","esriGeometryPoint","40.14163466017564","38.121285666616004","4326","4326"
"25","İşletme Durumuna Göre HES","HES_ADI","Balkodu-I HES","1571","Balkodu-I HES","Kamu","FZB","Null","Point","esriGeometryPoint","40.187411603734134","40.616609868405568","4326","4326"
"25","İşletme Durumuna Göre HES","HES_ADI","Çaykara HES","720","Çaykara HES","Kamu","FZB","Null","Point","esriGeometryPoint","40.270933019858283","40.815953662328944","4326","4326"
"25","İşletme Durumuna Göre HES","HES_ADI","Aydıntepe-1 HES","762","Aydıntepe-1 HES","Özel(Yap İşlet Devret)","FZB","Çoruh N.","Point","esriGeometryPoint","40.29529749233221","40.384872441032151","4326","4326"
"25","İşletme Durumuna Göre HES","HES_ADI","Bayburt HES","660","Bayburt HES","Kamu","SKHA","Null","Point","esriGeometryPoint","40.307298073126177","40.192652564382513","4326","4326"
"25","İşletme Durumuna Göre HES","HES_ADI","Abdalan HES","352","Abdalan HES","Özel(Yap İşlet Devret)","SKHA","Peri Suyu","Point","esriGeometryPoint","40.309387662330856","39.421641291530854","4326","4326"
"25","İşletme Durumuna Göre HES","HES_ADI","Kemerkaya HES","1608","Kemerkaya HES","Kamu","Başvuru","Null","Point","esriGeometryPoint","40.357219351639543","40.734307102466218","4326","4326"
"25","İşletme Durumuna Göre HES","HES_ADI","Cuniş HES","1524","Cuniş HES","Kamu","FZB","Null","Point","esriGeometryPoint","40.357803460396035","40.731200547060823","4326","4326"
"25","İşletme Durumuna Göre HES","HES_ADI","Pelitli HES","462","Pelitli HES","Özel(Yap İşlet)","Fizibilite","Cevizdere","Point","esriGeometryPoint","37.214366483833167","40.997382968505974","4326","4326"
"25","İşletme Durumuna Göre HES","HES_ADI","Hacılar HES","371","Hacılar HES","Özel(Yap İşlet Devret)","Isletmede","Tohma Ç.","Point","esriGeometryPoint","37.480335578649829","38.610091319281572","4326","4326"
"25","İşletme Durumuna Göre HES","HES_ADI","Akçaşehir HES","1392","Akçaşehir HES","Kamu","planlama","Dışlık Dere","Point","esriGeometryPoint","37.700834392893917","39.161975508697239","4326","4326"
"25","İşletme Durumuna Göre HES","HES_ADI","Aktoprak","1408","Aktoprak","Özel(Yap İşlet Devret)","Fizibilite","Göksu N.","Point","esriGeometryPoint","37.727658049370284","37.851625737155416","4326","4326"
"25","İşletme Durumuna Göre HES","HES_ADI","Gemciler","1407","Gemciler","Özel(Yap İşlet Devret)","Fizibilite","Göksu N.","Point","esriGeometryPoint","37.80656417154642","37.870584432958239","4326","4326"
"25","İşletme Durumuna Göre HES","HES_ADI","Karanlı Dere HES","335","Karanlı Dere HES","Özel(Yap İşlet Devret)","SKHA","Karanlıkdere / Göksu Ç.","Point","esriGeometryPoint","37.808211933151014","37.908780378987416","4326","4326"
"25","İşletme Durumuna Göre HES","HES_ADI","Darıca-2 HES","427","Darıca-2 HES","Özel(Yap İşlet)","Fizibilite","Melet","Point","esriGeometryPoint","37.863333565516129","40.715658317812874","4326","4326"
"25","İşletme Durumuna Göre HES","HES_ADI","Kayabaşı HES","316","Kayabaşı HES","Özel(Yap İşlet Devret)","Fizibilite","Karanlık Dere","Point","esriGeometryPoint","37.868548456624652","37.927245742628934","4326","4326"
"25","İşletme Durumuna Göre HES","HES_ADI","Çatalbahçe HES","339","Çatalbahçe HES","Özel(Yap İşlet Devret)","Fizibilite","Tohma Ç.","Point","esriGeometryPoint","37.926917815361001","38.527480267069869","4326","4326"
"25","İşletme Durumuna Göre HES","HES_ADI","Çamlıgöze HES","1401","Çamlıgöze HES","Kamu","isletmede","Kelkit Ç.","Point","esriGeometryPoint","38.067769979981293","40.228497377191466","4326","4326"
"25","İşletme Durumuna Göre HES","HES_ADI","Zekere HES","773","Zekere HES","Kamu","FZB","Null","Point","esriGeometryPoint","38.119649017546799","40.882162367743668","4326","4326"
"25","İşletme Durumuna Göre HES","HES_ADI","Ahiköy -2 HES","1395","Ahiköy -2 HES","Kamu","isletmede","Nih Ç.","Point","esriGeometryPoint","38.120415218683419","39.334177916678065","4326","4326"
"25","İşletme Durumuna Göre HES","HES_ADI","Keklicek HES","333","Keklicek HES","Özel(Yap İşlet Devret)","Insa Halinde","Keklicek Ç.","Point","esriGeometryPoint","38.274363414946741","38.240935706868989","4326","4326"
"25","İşletme Durumuna Göre HES","HES_ADI","Batlama HES","672","Batlama HES","Kamu","FZB","Null","Point","esriGeometryPoint","38.308433311434783","40.761610684249284","4326","4326"
"25","İşletme Durumuna Göre HES","HES_ADI","Burma HES","144","Burma HES","Özel(Yap İşlet)","SKHA","Null","Point","esriGeometryPoint","38.308520615964639","39.367076530985997","4326","4326"
"25","İşletme Durumuna Göre HES","HES_ADI","İkisu HES","736","İkisu HES","Kamu","FZB","Null","Point","esriGeometryPoint","38.35556149284804","40.614045751728895","4326","4326"
"25","İşletme Durumuna Göre HES","HES_ADI","Hakkıbey HES","278","Hakkıbey HES","Kamu","master plan, öninceleme","Karabudak","Point","esriGeometryPoint","38.356956664037376","39.750533660891307","4326","4326"
"25","İşletme Durumuna Göre HES","HES_ADI","Dila HES","265","Dila HES","Kamu","master plan, öninceleme","Karabudak D.","Point","esriGeometryPoint","38.427852393688809","39.80412270039956","4326","4326"
"25","İşletme Durumuna Göre HES","HES_ADI","Çırakdamı HES","738","Çırakdamı HES","Kamu","SKHA","Null","Point","esriGeometryPoint","38.434457833769045","40.758636816223955","4326","4326"
"25","İşletme Durumuna Göre HES","HES_ADI","Yumrutepe HES","688","Yumrutepe HES","Kamu","FZB","Null","Point","esriGeometryPoint","38.449944315465878","40.848852881989338","4326","4326"
"25","İşletme Durumuna Göre HES","HES_ADI","Yakınca HES","1613","Yakınca HES","Kamu","FZB","Null","Point","esriGeometryPoint","38.462420107786997","40.173920539348821","4326","4326"
"25","İşletme Durumuna Göre HES","HES_ADI","Bağıştaş-I HES","206","Bağıştaş-I HES","Kamu","master plan, öninceleme","Fırat","Point","esriGeometryPoint","38.520737081656478","39.447810977461863","4326","4326"
"25","İşletme Durumuna Göre HES","HES_ADI","Sırımtaş","1433","Sırımtaş","Özel(Yap İşlet Devret)","SKHA","Birimşe Ç.","Point","esriGeometryPoint","38.546058128051527","37.996795019939043","4326","4326"
"25","İşletme Durumuna Göre HES","HES_ADI","Subaşı HES","199","Subaşı HES","Kamu","master plan, öninceleme","Kale D.","Point","esriGeometryPoint","38.562647199444626","39.98583522121406","4326","4326"
"25","İşletme Durumuna Göre HES","HES_ADI","Çobanlı HES","147","Çobanlı HES","Özel(Yap İşlet)","SKHA","Null","Point","esriGeometryPoint","38.57582867362747","39.985992000591587","4326","4326"
"25","İşletme Durumuna Göre HES","HES_ADI","Çakır ","1412","Çakır","Özel(Yap İşlet Devret)","SKHA","Kahta Ç.,Cendere","Point","esriGeometryPoint","38.599619675512606","37.938348153888931","4326","4326"
"25","İşletme Durumuna Göre HES","HES_ADI","Delisava HES","790","Delisava HES","Kamu","FZB","Null","Point","esriGeometryPoint","38.617300886796542","40.349097645142756","4326","4326"
"25","İşletme Durumuna Göre HES","HES_ADI","Demir HES","307","Demir HES","Özel(Yap İşlet Devret)","Fizibilite","Miran Ç.","Point","esriGeometryPoint","38.662592848120909","39.054308070754324","4326","4326"
"25","İşletme Durumuna Göre HES","HES_ADI","Tepehan HES","310","Tepehan HES","Özel(Yap İşlet Devret)","Fizibilite","Şiro D.","Point","esriGeometryPoint","38.714874247103843","38.174331929307876","4326","4326"
"25","İşletme Durumuna Göre HES","HES_ADI","Çakıl-I HES","1562","Çakıl-I HES","Kamu","FZB","Null","Point","esriGeometryPoint","38.750936786225346","40.68413825937467","4326","4326"
"25","İşletme Durumuna Göre HES","HES_ADI","Ahallı HES","1570","Ahallı HES","Kamu","FZB","Null","Point","esriGeometryPoint","38.81964280263314","40.877724128935455","4326","4326"
"25","İşletme Durumuna Göre HES","HES_ADI","Berge HES","741","Berge HES","Kamu","Null","Null","Point","esriGeometryPoint","38.940315514635351","40.113684087245886","4326","4326"
"25","İşletme Durumuna Göre HES","HES_ADI","Akköy-2 HES","1582","Akköy-2 HES","Kamu","Null","Null","Point","esriGeometryPoint","38.965127081907625","40.739604138256169","4326","4326"
"25","İşletme Durumuna Göre HES","HES_ADI","Akköy-I HES","1583","Akköy-I HES","Kamu","FZB","Null","Point","esriGeometryPoint","38.980511760432556","40.738137873516251","4326","4326"
"25","İşletme Durumuna Göre HES","HES_ADI","Güzelceoluk HES","665","Güzelceoluk HES","Özel(Yap İşlet Devret)","Fizibilite","Güzeloluk D.","Point","esriGeometryPoint","39.069928843608722","40.471071853636715","4326","4326"
"25","İşletme Durumuna Göre HES","HES_ADI","Alınyayla HES","810","Alınyayla HES","Kamu","Ön başvuru","Null","Point","esriGeometryPoint","39.094943554903757","40.532594179064269","4326","4326"
"25","İşletme Durumuna Göre HES","HES_ADI","Fındık HES","733","Fındık HES","Kamu","FZB","Null","Point","esriGeometryPoint","39.147729776942178","40.683520283792184","4326","4326"
"25","İşletme Durumuna Göre HES","HES_ADI","Çardaklı HES","302","Çardaklı HES","Özel(Yap İşlet Devret)","Fizibilite","Ulu Çay","Point","esriGeometryPoint","39.189089112491757","38.307816154595187","4326","4326"
"25","İşletme Durumuna Göre HES","HES_ADI","Karsıyaka Regulatoru Ve HES","938","Karsıyaka Regulatoru Ve HES","Özel(Yap İşlet)","On_Basvuru","Null","Point","esriGeometryPoint","39.189704581186362","38.308177984516007","4326","4326"
"25","İşletme Durumuna Göre HES","HES_ADI","Kuzey-2 HES","1516","Kuzey-2 HES","Kamu","FZB","Null","Point","esriGeometryPoint","39.219804779852495","40.385634486441297","4326","4326"
"25","İşletme Durumuna Göre HES","HES_ADI","Geçit Regülatörü Ve HES","134","Geçit Regülatörü Ve HES","Özel(Yap İşlet Devret)","Ön İnceleme","Null","Point","esriGeometryPoint","39.259325830220497","38.184889966816563","4326","4326"
"25","İşletme Durumuna Göre HES","HES_ADI","Geçit HES","496","Geçit HES","Özel(Yap İşlet)","On_Basvuru","Null","Point","esriGeometryPoint","39.261424473589834","38.186342988659035","4326","4326"
"25","İşletme Durumuna Göre HES","HES_ADI","Gelincik HES","760","Gelincik HES","Kamu","FZB","Null","Point","esriGeometryPoint","39.269449451957286","40.523735957941518","4326","4326"
"25","İşletme Durumuna Göre HES","HES_ADI","Kuzey--3 HES","1518","Kuzey--3 HES","Kamu","FZB","Null","Point","esriGeometryPoint","39.293887928181917","40.426208095562352","4326","4326"
"25","İşletme Durumuna Göre HES","HES_ADI","Mercan HES","351","Mercan HES","Kamu","isletmede","Mercan D.","Point","esriGeometryPoint","39.306652955155698","39.414552724212314","4326","4326"
"25","İşletme Durumuna Göre HES","HES_ADI","Konaktepe-I HES","349","Konaktepe-I HES","Kamu","insa halinde","Munzur Suyu","Point","esriGeometryPoint","39.398382746436006","39.287031904495457","4326","4326"
"25","İşletme Durumuna Göre HES","HES_ADI","Elmalı HES","202","Elmalı HES","Kamu","master plan, öninceleme","Vasgirt D.","Point","esriGeometryPoint","39.465315246895855","39.819022571204464","4326","4326"
"25","İşletme Durumuna Göre HES","HES_ADI","Tonya-I-2 HES","676","Tonya-I-2 HES","Kamu","FZB","Null","Point","esriGeometryPoint","39.488443799960905","40.677743294857841","4326","4326"
"25","İşletme Durumuna Göre HES","HES_ADI","Turnagöl -2 HES","797","Turnagöl -2 HES","Kamu","Ön Başvuru","Null","Point","esriGeometryPoint","39.50489450166674","40.706742288029382","4326","4326"
"25","İşletme Durumuna Göre HES","HES_ADI","Köprüyanı HES","683","Köprüyanı HES","Kamu","SKHA","Null","Point","esriGeometryPoint","39.562486396031396","40.758483398900886","4326","4326"
"25","İşletme Durumuna Göre HES","HES_ADI","Mavi HES","823","Mavi HES","Kamu","Ön Başvuru","Null","Point","esriGeometryPoint","39.563434800708329","40.755322497093708","4326","4326"
"25","İşletme Durumuna Göre HES","HES_ADI","Bedirdüzü I HES","225","Bedirdüzü I HES","Kamu","master plan, öninceleme","Aksu","Point","esriGeometryPoint","39.718793100621717","39.846006164740857","4326","4326"
"25","İşletme Durumuna Göre HES","HES_ADI","Emir I HES","276","Emir I HES","Kamu","master plan, öninceleme","Soğukdere","Point","esriGeometryPoint","39.746968929446801","39.701757781950548","4326","4326"
"25","İşletme Durumuna Göre HES","HES_ADI","Sölperen HES","454","Sölperen HES","Kamu","planlama","Çardaklı","Point","esriGeometryPoint","39.809370099158365","39.66000100403712","4326","4326"
"25","İşletme Durumuna Göre HES","HES_ADI","Soğanlı -2 HES","221","Soğanlı -2 HES","Kamu","master plan, öninceleme","Soğanlı D.","Point","esriGeometryPoint","39.843597912405485","39.834417998080774","4326","4326"
"25","İşletme Durumuna Göre HES","HES_ADI","Gölmeç HES","228","Gölmeç HES","Kamu","master plan, öninceleme","Teknecik D.","Point","esriGeometryPoint","39.844581619990883","39.850879413479362","4326","4326"
"25","İşletme Durumuna Göre HES","HES_ADI","Hastarla HES","237","Hastarla HES","Kamu","master plan, öninceleme","Soğanlı","Point","esriGeometryPoint","39.846694926531477","39.834932925871065","4326","4326"
"25","İşletme Durumuna Göre HES","HES_ADI","Araklı--3 HES","1546","Araklı--3 HES","Kamu","FZB","Null","Point","esriGeometryPoint","39.980042960279967","40.755017160456418","4326","4326"
"25","İşletme Durumuna Göre HES","HES_ADI","Horyan HES","659","Horyan HES","Kamu","FZB","Null","Point","esriGeometryPoint","40.019592426194812","40.862323439886524","4326","4326"
"25","İşletme Durumuna Göre HES","HES_ADI","Kıralkızı","969","Kıralkızı","Kamu","Null","Null","Point","esriGeometryPoint","40.019766100141943","38.347465389177358","4326","4326"
"25","İşletme Durumuna Göre HES","HES_ADI","Oylum-I HES","1543","Oylum-I HES","Kamu","FZB","Null","Point","esriGeometryPoint","40.054498367544753","40.771807347032954","4326","4326"
"25","İşletme Durumuna Göre HES","HES_ADI","Açma HES","1541","Açma HES","Kamu","FZB","Null","Point","esriGeometryPoint","40.118493607178124","40.694051170437511","4326","4326"
"25","İşletme Durumuna Göre HES","HES_ADI","Karasu V HES","451","Karasu V HES","Kamu","planlama","Karasu","Point","esriGeometryPoint","40.136678346854261","39.851952839940374","4326","4326"
"25","İşletme Durumuna Göre HES","HES_ADI","Çamlıkaya HES","673","Çamlıkaya HES","Kamu","SKHA","Null","Point","esriGeometryPoint","40.217295163462644","40.670287088520489","4326","4326"
"25","İşletme Durumuna Göre HES","HES_ADI","Şirin HES","1547","Şirin HES","Kamu","FZB","Null","Point","esriGeometryPoint","40.255468063759189","40.739287402712002","4326","4326"
"25","İşletme Durumuna Göre HES","HES_ADI","Dicle I HES","375","Dicle I HES","Özel(Yap İşlet)","Fizibilite","Null","Point","esriGeometryPoint","40.257954507952761","38.018199344804955","4326","4326"
"25","İşletme Durumuna Göre HES","HES_ADI","Güneşli-2 HES","761","Güneşli-2 HES","Kamu","FZB","Null","Point","esriGeometryPoint","40.282648553202769","40.842969244373514","4326","4326"
"25","İşletme Durumuna Göre HES","HES_ADI","Nursu HES","818","Nursu HES","Kamu","Ön Başvuru","Null","Point","esriGeometryPoint","40.289225730765018","40.818385620863324","4326","4326"
